duplicate_group_id,sha256,duplicate_count,companies,document_families,retrievers,document_id,retriever_name,document_family,company_name,company_slug,fiscal_year,source_title,source_url,local_path,manifest_path,file_size_mb,score,decision
exact_dup_0001,0040b3612bd5f18caffe67f994f1dbc5c1d8aa4889bd9a12ce5a9bf444886722,2,"[""LVMH""]","[""agm_document""]","[""AGMRetriever""]",69a795b761f12567643c6b91,AGMRetriever,agm_document,LVMH,lvmh,2024,Brochure de convocation à l’Assemblée générale mixte du 18 avril 2024 (e-accessible),https://lvmh-com.cdn.prismic.io/lvmh-com/ZnKdr5m069VX13w8_lvmh_brochure_de_convocation_fr.pdf,C:\Users\hp\Desktop\ESG\AGMRetriever\data\dossier_ingestion_0\agm_documents\lvmh\2024\candidates\candidate_007_score_83_0.pdf,C:\Users\hp\Desktop\ESG\AGMRetriever\data\dossier_ingestion_0\agm_documents\lvmh\2024\candidates\candidate_007_manifest.json,3.7943,83.0,auto_download
exact_dup_0001,0040b3612bd5f18caffe67f994f1dbc5c1d8aa4889bd9a12ce5a9bf444886722,2,"[""LVMH""]","[""agm_document""]","[""AGMRetriever""]",35f9d2080fff09d3f4cd6df0,AGMRetriever,agm_document,LVMH,lvmh,2024,Rapports des Commissaires aux comptes sur les projets de résolutions,https://lvmh-com.cdn.prismic.io/lvmh-com/ZnKf0Zm069VX13x-_lvmh_brochure_de_convocation_fr-1-.pdf,C:\Users\hp\Desktop\ESG\AGMRetriever\data\dossier_ingestion_0\agm_documents\lvmh\2024\candidates\candidate_011_score_83_0.pdf,C:\Users\hp\Desktop\ESG\AGMRetriever\data\dossier_ingestion_0\agm_documents\lvmh\2024\candidates\candidate_011_manifest.json,3.7943,83.0,auto_download
exact_dup_0002,02226e1cf5328810510451e1e524e966389750963175a41474de835e18d5aaab,2,"[""Schneider Electric""]","[""sustainability_report""]","[""SustainabilityReportRetriever""]",5e7ce3cc62148c2d91ee737b,SustainabilityReportRetriever,sustainability_report,Schneider Electric,schneider-electric,2024,[PDF] 2023 Sustainability Report - Schneider Electric,https://www.se.com/ww/en/assets/564/document/466155/2023-sustainability-report.pdf,C:\Users\hp\Desktop\ESG\SustainabilityReportRetriever\data\dossier_ingestion_0\sustainability_reports\schneider-electric\2024\candidates\candidate_006_score_85_0.pdf,C:\Users\hp\Desktop\ESG\SustainabilityReportRetriever\data\dossier_ingestion_0\sustainability_reports\schneider-electric\2024\candidates\candidate_006_manifest.json,14.1676,85.0,auto_download
exact_dup_0002,02226e1cf5328810510451e1e524e966389750963175a41474de835e18d5aaab,2,"[""Schneider Electric""]","[""sustainability_report""]","[""SustainabilityReportRetriever""]",493a8591bbf4e90fea159466,SustainabilityReportRetriever,sustainability_report,Schneider Electric,schneider-electric,2024,[PDF] 2023 Sustainability Report - Schneider Electric,https://www.se.com/ww/en/assets/564/document/466155/2023-sustainability-report.pdf,C:\Users\hp\Desktop\ESG\SustainabilityReportRetriever\data\dossier_ingestion_0\sustainability_reports\schneider-electric\2024\candidates\candidate_007_score_85_0.pdf,C:\Users\hp\Desktop\ESG\SustainabilityReportRetriever\data\dossier_ingestion_0\sustainability_reports\schneider-electric\2024\candidates\candidate_007_manifest.json,14.1676,85.0,auto_download
exact_dup_0003,06ae7c56a149067b2a614758bf2688e41c698e9b666f5292fca58cd31c9739d9,2,"[""LVMH""]","[""corporate_policy""]","[""CorporatePolicyRetriever""]",645331bbaba6b77e40172e6c,CorporatePolicyRetriever,corporate_policy,LVMH,lvmh,2024,Download,https://lvmh-com.cdn.prismic.io/lvmh-com/Zj4vX0FLKBtrWyER_210324_LVMH_CodeOfConduct_CN.pdf,C:\Users\hp\Desktop\ESG\CorporatePolicyRetriever\data\dossier_ingestion_0\corporate_policies\code_of_conduct\lvmh\candidates\candidate_005_score_100_0.pdf,C:\Users\hp\Desktop\ESG\CorporatePolicyRetriever\data\dossier_ingestion_0\corporate_policies\code_of_conduct\lvmh\candidates\candidate_005_manifest.json,1.6891,100.0,auto_download
exact_dup_0003,06ae7c56a149067b2a614758bf2688e41c698e9b666f5292fca58cd31c9739d9,2,"[""LVMH""]","[""corporate_policy""]","[""CorporatePolicyRetriever""]",0fd5b22e4c71ea96c32108b9,CorporatePolicyRetriever,corporate_policy,LVMH,lvmh,2024,下载,https://lvmh-com.cdn.prismic.io/lvmh-com/ZnBVRJm069VX10DR_210324_lvmh_codeofconduct_cn.pdf,C:\Users\hp\Desktop\ESG\CorporatePolicyRetriever\data\dossier_ingestion_0\corporate_policies\code_of_conduct\lvmh\candidates\candidate_028_score_100_0.pdf,C:\Users\hp\Desktop\ESG\CorporatePolicyRetriever\data\dossier_ingestion_0\corporate_policies\code_of_conduct\lvmh\candidates\candidate_028_manifest.json,1.6891,100.0,auto_download
exact_dup_0004,0e1fad746c06f32c697627f6dfbdcee2fb198a0ef95eb58520a569e9ff85fd42,2,"[""LVMH""]","[""agm_document""]","[""AGMRetriever""]",003b914da105a5ddbc1411d5,AGMRetriever,agm_document,LVMH,lvmh,2024,Document d’enregistrement universel 2024,https://lvmh-com.cdn.prismic.io/lvmh-com/Z-PYoHdAxsiBv6v5_Documentd%27enregistrementuniversel2024.pdf,C:\Users\hp\Desktop\ESG\AGMRetriever\data\dossier_ingestion_0\agm_documents\lvmh\2024\candidates\candidate_019_score_83_0.pdf,C:\Users\hp\Desktop\ESG\AGMRetriever\data\dossier_ingestion_0\agm_documents\lvmh\2024\candidates\candidate_019_manifest.json,10.8591,83.0,auto_download
exact_dup_0004,0e1fad746c06f32c697627f6dfbdcee2fb198a0ef95eb58520a569e9ff85fd42,2,"[""LVMH""]","[""agm_document""]","[""AGMRetriever""]",767383d171611033e23e8b92,AGMRetriever,agm_document,LVMH,lvmh,2024,Document d’enregistrement universel 2024,https://lvmh-com.cdn.prismic.io/lvmh-com/Z-PYoHdAxsiBv6v5_Documentd%27enregistrementuniversel2024.pdf,C:\Users\hp\Desktop\ESG\AGMRetriever\data\dossier_ingestion_0\agm_documents\lvmh\2024\candidates\candidate_052_score_83_0.pdf,C:\Users\hp\Desktop\ESG\AGMRetriever\data\dossier_ingestion_0\agm_documents\lvmh\2024\candidates\candidate_052_manifest.json,10.8591,83.0,auto_download
exact_dup_0005,290509b3593aebcea58b06a8b6370ee1e62f4a3fe647b914ece755c0d38b5938,2,"[""LVMH""]","[""corporate_policy""]","[""CorporatePolicyRetriever""]",6358c0e435f0c8bf703b2cbe,CorporatePolicyRetriever,corporate_policy,LVMH,lvmh,2024,Download,https://lvmh-com.cdn.prismic.io/lvmh-com/ZnBQR5m069VX1z-S_lvmh_codedeconduite_polish.pdf,C:\Users\hp\Desktop\ESG\CorporatePolicyRetriever\data\dossier_ingestion_0\corporate_policies\code_of_conduct\lvmh\candidates\candidate_024_score_95_0.pdf,C:\Users\hp\Desktop\ESG\CorporatePolicyRetriever\data\dossier_ingestion_0\corporate_policies\code_of_conduct\lvmh\candidates\candidate_024_manifest.json,1.511,95.0,auto_download
exact_dup_0005,290509b3593aebcea58b06a8b6370ee1e62f4a3fe647b914ece755c0d38b5938,2,"[""LVMH""]","[""corporate_policy""]","[""CorporatePolicyRetriever""]",eec03e6510695566e79034cd,CorporatePolicyRetriever,corporate_policy,LVMH,lvmh,2024,下载,https://lvmh-com.cdn.prismic.io/lvmh-com/ZkdYWyol0Zci9PhH_LVMH_CodeDeConduite_POLISH.pdf,C:\Users\hp\Desktop\ESG\CorporatePolicyRetriever\data\dossier_ingestion_0\corporate_policies\code_of_conduct\lvmh\candidates\candidate_035_score_95_0.pdf,C:\Users\hp\Desktop\ESG\CorporatePolicyRetriever\data\dossier_ingestion_0\corporate_policies\code_of_conduct\lvmh\candidates\candidate_035_manifest.json,1.511,95.0,auto_download
exact_dup_0006,30fb774f8c30ee16e1c52fd801855a7310c5ad6db3287af503fb6dc80b00d9e5,2,"[""LVMH""]","[""corporate_policy""]","[""CorporatePolicyRetriever""]",2f9af8552dc3270e0c046a85,CorporatePolicyRetriever,corporate_policy,LVMH,lvmh,2024,Download,https://lvmh-com.cdn.prismic.io/lvmh-com/ZnBQSZm069VX1z-V_lvmh_codeofconduct_greek-1.pdf,C:\Users\hp\Desktop\ESG\CorporatePolicyRetriever\data\dossier_ingestion_0\corporate_policies\code_of_conduct\lvmh\candidates\candidate_011_score_100_0.pdf,C:\Users\hp\Desktop\ESG\CorporatePolicyRetriever\data\dossier_ingestion_0\corporate_policies\code_of_conduct\lvmh\candidates\candidate_011_manifest.json,1.6223,100.0,auto_download
exact_dup_0006,30fb774f8c30ee16e1c52fd801855a7310c5ad6db3287af503fb6dc80b00d9e5,2,"[""LVMH""]","[""corporate_policy""]","[""CorporatePolicyRetriever""]",40bf7429783083ad6f6af596,CorporatePolicyRetriever,corporate_policy,LVMH,lvmh,2024,下载,https://lvmh-com.cdn.prismic.io/lvmh-com/ZkdX_Col0Zci9Pg0_LVMH_CodeOfConduct_GREEK.pdf,C:\Users\hp\Desktop\ESG\CorporatePolicyRetriever\data\dossier_ingestion_0\corporate_policies\code_of_conduct\lvmh\candidates\candidate_031_score_100_0.pdf,C:\Users\hp\Desktop\ESG\CorporatePolicyRetriever\data\dossier_ingestion_0\corporate_policies\code_of_conduct\lvmh\candidates\candidate_031_manifest.json,1.6223,100.0,auto_download
exact_dup_0007,3edeea9fa73aebeca0a5ebad5016bc7935c4bb6ddcdf3153906e89a27ed2d92f,4,"[""LVMH"", ""Schneider Electric"", ""TotalEnergies""]","[""sbti_commitment""]","[""SBTiRetriever""]",1d3cd22b44669d7a086ea8a7,SBTiRetriever,sbti_commitment,LVMH,lvmh,2024,Corporate Net-Zero Standard,https://sciencebasedtargets.org/resources/files/Net-Zero-Standard.pdf,C:\Users\hp\Desktop\ESG\SBTiRetriever\data\dossier_ingestion_0\sbti_commitments\lvmh\2024\candidates\candidate_005_score_95_0.pdf,C:\Users\hp\Desktop\ESG\SBTiRetriever\data\dossier_ingestion_0\sbti_commitments\lvmh\2024\candidates\candidate_005_manifest.json,1.8336,95.0,auto_download
exact_dup_0007,3edeea9fa73aebeca0a5ebad5016bc7935c4bb6ddcdf3153906e89a27ed2d92f,4,"[""LVMH"", ""Schneider Electric"", ""TotalEnergies""]","[""sbti_commitment""]","[""SBTiRetriever""]",9887ce41722311e977594168,SBTiRetriever,sbti_commitment,Schneider Electric,schneider-electric,2024,Corporate Net-Zero Standard,https://files.sciencebasedtargets.org/production/files/Net-Zero-Standard.pdf,C:\Users\hp\Desktop\ESG\SBTiRetriever\data\dossier_ingestion_0\sbti_commitments\schneider-electric\2024\candidates\candidate_004_score_95_0.pdf,C:\Users\hp\Desktop\ESG\SBTiRetriever\data\dossier_ingestion_0\sbti_commitments\schneider-electric\2024\candidates\candidate_004_manifest.json,1.8336,95.0,auto_download
exact_dup_0007,3edeea9fa73aebeca0a5ebad5016bc7935c4bb6ddcdf3153906e89a27ed2d92f,4,"[""LVMH"", ""Schneider Electric"", ""TotalEnergies""]","[""sbti_commitment""]","[""SBTiRetriever""]",1bfec73d1a85a6bfb684fe1f,SBTiRetriever,sbti_commitment,Schneider Electric,schneider-electric,2024,Corporate Net-Zero Standard,https://sciencebasedtargets.org/resources/files/Net-Zero-Standard.pdf,C:\Users\hp\Desktop\ESG\SBTiRetriever\data\dossier_ingestion_0\sbti_commitments\schneider-electric\2024\candidates\candidate_008_score_95_0.pdf,C:\Users\hp\Desktop\ESG\SBTiRetriever\data\dossier_ingestion_0\sbti_commitments\schneider-electric\2024\candidates\candidate_008_manifest.json,1.8336,95.0,auto_download
exact_dup_0007,3edeea9fa73aebeca0a5ebad5016bc7935c4bb6ddcdf3153906e89a27ed2d92f,4,"[""LVMH"", ""Schneider Electric"", ""TotalEnergies""]","[""sbti_commitment""]","[""SBTiRetriever""]",b68ac07cd33f651af49d23e3,SBTiRetriever,sbti_commitment,TotalEnergies,totalenergies,2024,Corporate Net-Zero Standard,https://sciencebasedtargets.org/resources/files/Net-Zero-Standard.pdf,C:\Users\hp\Desktop\ESG\SBTiRetriever\data\dossier_ingestion_0\sbti_commitments\totalenergies\2024\candidates\candidate_005_score_95_0.pdf,C:\Users\hp\Desktop\ESG\SBTiRetriever\data\dossier_ingestion_0\sbti_commitments\totalenergies\2024\candidates\candidate_005_manifest.json,1.8336,95.0,auto_download
exact_dup_0008,47e80e9540a17891247b5edf451b2ffa6783fe5c196c2179c6ee037fee1a0eb4,2,"[""LVMH""]","[""corporate_policy""]","[""CorporatePolicyRetriever""]",b36430e492bd10f852b54498,CorporatePolicyRetriever,corporate_policy,LVMH,lvmh,2024,Download,https://lvmh-com.cdn.prismic.io/lvmh-com/ZnBPCpm069VX1z9l_210324_lvmh_codedeconduite_portuguese.pdf,C:\Users\hp\Desktop\ESG\CorporatePolicyRetriever\data\dossier_ingestion_0\corporate_policies\code_of_conduct\lvmh\candidates\candidate_026_score_95_0.pdf,C:\Users\hp\Desktop\ESG\CorporatePolicyRetriever\data\dossier_ingestion_0\corporate_policies\code_of_conduct\lvmh\candidates\candidate_026_manifest.json,1.4657,95.0,auto_download
exact_dup_0008,47e80e9540a17891247b5edf451b2ffa6783fe5c196c2179c6ee037fee1a0eb4,2,"[""LVMH""]","[""corporate_policy""]","[""CorporatePolicyRetriever""]",ea605055a8474de7fd67577f,CorporatePolicyRetriever,corporate_policy,LVMH,lvmh,2024,下载,https://lvmh-com.cdn.prismic.io/lvmh-com/ZnBVnJm069VX10Eo_210324_lvmh_codedeconduite_portuguese.pdf,C:\Users\hp\Desktop\ESG\CorporatePolicyRetriever\data\dossier_ingestion_0\corporate_policies\code_of_conduct\lvmh\candidates\candidate_037_score_95_0.pdf,C:\Users\hp\Desktop\ESG\CorporatePolicyRetriever\data\dossier_ingestion_0\corporate_policies\code_of_conduct\lvmh\candidates\candidate_037_manifest.json,1.4657,95.0,auto_download
exact_dup_0009,4e67ffaaae7f880fd24e837c30f10c08b0a087ca1b4314dade86e7b5d32c12cb,4,"[""LVMH""]","[""annual_report"", ""climate_report"", ""sustainability_report""]","[""AnnualReportRetriever"", ""ClimateReportRetriever"", ""SustainabilityReportRetriever""]",7e11bfd5247ebeea6357c940,AnnualReportRetriever,annual_report,LVMH,lvmh,2024,LVMH 2024 Universal Registration Document. - Prismic,https://lvmh-com.cdn.prismic.io/lvmh-com/Z-PY3HdAxsiBv6wN_UniversalRegistrationDocument2024.pdf,C:\Users\hp\Desktop\ESG\AnnualReportRetriever\data\dossier_ingestion_0\annual_reports\lvmh\2024\candidates\candidate_001_score_100_0.pdf,C:\Users\hp\Desktop\ESG\AnnualReportRetriever\data\dossier_ingestion_0\annual_reports\lvmh\2024\candidates\candidate_001_manifest.json,7.7547,100.0,auto_download
exact_dup_0009,4e67ffaaae7f880fd24e837c30f10c08b0a087ca1b4314dade86e7b5d32c12cb,4,"[""LVMH""]","[""annual_report"", ""climate_report"", ""sustainability_report""]","[""AnnualReportRetriever"", ""ClimateReportRetriever"", ""SustainabilityReportRetriever""]",110d9a71319ef4d45443366a,AnnualReportRetriever,annual_report,LVMH,lvmh,2024,LVMH 2024 Universal Registration Document. - Prismic,https://lvmh-com.cdn.prismic.io/lvmh-com/Z-PY3HdAxsiBv6wN_UniversalRegistrationDocument2024.pdf,C:\Users\hp\Desktop\ESG\AnnualReportRetriever\data\dossier_ingestion_0\annual_reports\lvmh\2024\candidates\candidate_002_score_100_0.pdf,C:\Users\hp\Desktop\ESG\AnnualReportRetriever\data\dossier_ingestion_0\annual_reports\lvmh\2024\candidates\candidate_002_manifest.json,7.7547,100.0,auto_download
exact_dup_0009,4e67ffaaae7f880fd24e837c30f10c08b0a087ca1b4314dade86e7b5d32c12cb,4,"[""LVMH""]","[""annual_report"", ""climate_report"", ""sustainability_report""]","[""AnnualReportRetriever"", ""ClimateReportRetriever"", ""SustainabilityReportRetriever""]",f738142fa94f5623bdb1ab7f,SustainabilityReportRetriever,sustainability_report,LVMH,lvmh,2024,LVMH 2024 Universal Registration Document. - Prismic,https://lvmh-com.cdn.prismic.io/lvmh-com/Z-PY3HdAxsiBv6wN_UniversalRegistrationDocument2024.pdf,C:\Users\hp\Desktop\ESG\SustainabilityReportRetriever\data\dossier_ingestion_0\sustainability_reports\lvmh\2024\candidates\candidate_005_score_81_0.pdf,C:\Users\hp\Desktop\ESG\SustainabilityReportRetriever\data\dossier_ingestion_0\sustainability_reports\lvmh\2024\candidates\candidate_005_manifest.json,7.7547,81.0,auto_download
exact_dup_0009,4e67ffaaae7f880fd24e837c30f10c08b0a087ca1b4314dade86e7b5d32c12cb,4,"[""LVMH""]","[""annual_report"", ""climate_report"", ""sustainability_report""]","[""AnnualReportRetriever"", ""ClimateReportRetriever"", ""SustainabilityReportRetriever""]",1f1ced821b30468f5e7f7b90,ClimateReportRetriever,climate_report,LVMH,lvmh,2024,LVMH 2024 Universal Registration Document. - Prismic,https://lvmh-com.cdn.prismic.io/lvmh-com/Z-PY3HdAxsiBv6wN_UniversalRegistrationDocument2024.pdf,C:\Users\hp\Desktop\ESG\ClimateReportRetriever\data\dossier_ingestion_0\climate_reports\lvmh\2024\candidates\candidate_003_score_81_0.pdf,C:\Users\hp\Desktop\ESG\ClimateReportRetriever\data\dossier_ingestion_0\climate_reports\lvmh\2024\candidates\candidate_003_manifest.json,7.7547,81.0,auto_download
exact_dup_0010,5224b460bdd5a179676525f3fc6f8fb2a65dc21e86e03d7f672f1dd6b6624724,3,"[""LVMH"", ""Schneider Electric"", ""TotalEnergies""]","[""sbti_commitment""]","[""SBTiRetriever""]",e33d7a473ab035cc01778c4a,SBTiRetriever,sbti_commitment,LVMH,lvmh,2024,Corporate Near-Term Criteria,https://sciencebasedtargets.org/resources/files/SBTi-criteria.pdf,C:\Users\hp\Desktop\ESG\SBTiRetriever\data\dossier_ingestion_0\sbti_commitments\lvmh\2024\candidates\candidate_002_score_100_0.pdf,C:\Users\hp\Desktop\ESG\SBTiRetriever\data\dossier_ingestion_0\sbti_commitments\lvmh\2024\candidates\candidate_002_manifest.json,0.3944,100.0,auto_download
exact_dup_0010,5224b460bdd5a179676525f3fc6f8fb2a65dc21e86e03d7f672f1dd6b6624724,3,"[""LVMH"", ""Schneider Electric"", ""TotalEnergies""]","[""sbti_commitment""]","[""SBTiRetriever""]",9f2ad4cfb332f911950d9421,SBTiRetriever,sbti_commitment,Schneider Electric,schneider-electric,2024,Corporate Near-Term Criteria,https://sciencebasedtargets.org/resources/files/SBTi-criteria.pdf,C:\Users\hp\Desktop\ESG\SBTiRetriever\data\dossier_ingestion_0\sbti_commitments\schneider-electric\2024\candidates\candidate_005_score_100_0.pdf,C:\Users\hp\Desktop\ESG\SBTiRetriever\data\dossier_ingestion_0\sbti_commitments\schneider-electric\2024\candidates\candidate_005_manifest.json,0.3944,100.0,auto_download
exact_dup_0010,5224b460bdd5a179676525f3fc6f8fb2a65dc21e86e03d7f672f1dd6b6624724,3,"[""LVMH"", ""Schneider Electric"", ""TotalEnergies""]","[""sbti_commitment""]","[""SBTiRetriever""]",e070fae5deb28d6531d6a783,SBTiRetriever,sbti_commitment,TotalEnergies,totalenergies,2024,Corporate Near-Term Criteria,https://sciencebasedtargets.org/resources/files/SBTi-criteria.pdf,C:\Users\hp\Desktop\ESG\SBTiRetriever\data\dossier_ingestion_0\sbti_commitments\totalenergies\2024\candidates\candidate_002_score_100_0.pdf,C:\Users\hp\Desktop\ESG\SBTiRetriever\data\dossier_ingestion_0\sbti_commitments\totalenergies\2024\candidates\candidate_002_manifest.json,0.3944,100.0,auto_download
exact_dup_0011,539e75ccbf37782bb95f6b0d461d50cf615c40798d8a6746f3aeb4915f9e3c8c,2,"[""LVMH"", ""Schneider Electric""]","[""earnings_call""]","[""EarningsCallRetriever""]",ddce6ce70a02608577153346,EarningsCallRetriever,earnings_call,LVMH,lvmh,2024,Privacy Policy,https://cdn.ainvest.com/agreement/Ainvest-Fintech-Inc-Privacy-Policy.pdf,C:\Users\hp\Desktop\ESG\EarningsCallRetriever\data\dossier_ingestion_0\earnings_calls\lvmh\2024\candidates\candidate_001_score_90_0.pdf,C:\Users\hp\Desktop\ESG\EarningsCallRetriever\data\dossier_ingestion_0\earnings_calls\lvmh\2024\candidates\candidate_001_manifest.json,0.2563,90.0,auto_download
exact_dup_0011,539e75ccbf37782bb95f6b0d461d50cf615c40798d8a6746f3aeb4915f9e3c8c,2,"[""LVMH"", ""Schneider Electric""]","[""earnings_call""]","[""EarningsCallRetriever""]",d178ec429c72ad5db5f3eb99,EarningsCallRetriever,earnings_call,Schneider Electric,schneider-electric,2024,Privacy Policy,https://cdn.ainvest.com/agreement/Ainvest-Fintech-Inc-Privacy-Policy.pdf,C:\Users\hp\Desktop\ESG\EarningsCallRetriever\data\dossier_ingestion_0\earnings_calls\schneider-electric\2024\candidates\candidate_001_score_90_0.pdf,C:\Users\hp\Desktop\ESG\EarningsCallRetriever\data\dossier_ingestion_0\earnings_calls\schneider-electric\2024\candidates\candidate_001_manifest.json,0.2563,90.0,auto_download
exact_dup_0012,541c5fb3399b97e20779f0b9bee0e6c5ca3b0f2c07da7dcda3f848bf3699d7a4,3,"[""LVMH"", ""Schneider Electric"", ""TotalEnergies""]","[""sbti_commitment""]","[""SBTiRetriever""]",448a6a7f86eb736a1129d9c1,SBTiRetriever,sbti_commitment,LVMH,lvmh,2024,SME FAQ,https://sciencebasedtargets.org/resources/files/FAQs-for-SMEs.pdf,C:\Users\hp\Desktop\ESG\SBTiRetriever\data\dossier_ingestion_0\sbti_commitments\lvmh\2024\candidates\candidate_004_score_95_0.pdf,C:\Users\hp\Desktop\ESG\SBTiRetriever\data\dossier_ingestion_0\sbti_commitments\lvmh\2024\candidates\candidate_004_manifest.json,0.7979,95.0,auto_download
exact_dup_0012,541c5fb3399b97e20779f0b9bee0e6c5ca3b0f2c07da7dcda3f848bf3699d7a4,3,"[""LVMH"", ""Schneider Electric"", ""TotalEnergies""]","[""sbti_commitment""]","[""SBTiRetriever""]",061ed9a39a34453180a846cc,SBTiRetriever,sbti_commitment,Schneider Electric,schneider-electric,2024,SME FAQ,https://sciencebasedtargets.org/resources/files/FAQs-for-SMEs.pdf,C:\Users\hp\Desktop\ESG\SBTiRetriever\data\dossier_ingestion_0\sbti_commitments\schneider-electric\2024\candidates\candidate_007_score_95_0.pdf,C:\Users\hp\Desktop\ESG\SBTiRetriever\data\dossier_ingestion_0\sbti_commitments\schneider-electric\2024\candidates\candidate_007_manifest.json,0.7979,95.0,auto_download
exact_dup_0012,541c5fb3399b97e20779f0b9bee0e6c5ca3b0f2c07da7dcda3f848bf3699d7a4,3,"[""LVMH"", ""Schneider Electric"", ""TotalEnergies""]","[""sbti_commitment""]","[""SBTiRetriever""]",afad2247b2ff8f23353bef6b,SBTiRetriever,sbti_commitment,TotalEnergies,totalenergies,2024,SME FAQ,https://sciencebasedtargets.org/resources/files/FAQs-for-SMEs.pdf,C:\Users\hp\Desktop\ESG\SBTiRetriever\data\dossier_ingestion_0\sbti_commitments\totalenergies\2024\candidates\candidate_004_score_95_0.pdf,C:\Users\hp\Desktop\ESG\SBTiRetriever\data\dossier_ingestion_0\sbti_commitments\totalenergies\2024\candidates\candidate_004_manifest.json,0.7979,95.0,auto_download
exact_dup_0013,5c7265d598ec27abd353fa355dd6830b346c4f564701fea6db373b661af4f349,5,"[""Schneider Electric""]","[""annual_report"", ""climate_report"", ""governance_report"", ""sustainability_report""]","[""AnnualReportRetriever"", ""ClimateReportRetriever"", ""GovernanceReportRetriever"", ""SustainabilityReportRetriever""]",c03c868df3089ac9373db003,AnnualReportRetriever,annual_report,Schneider Electric,schneider-electric,2024,[PDF] Integrated report 2024 - Schneider Electric,https://www.se.com/ww/en/assets/564/document/511188/Integrated-report-2024.pdf?p_enDocType=Financial+release&p_File_Name=Integrated+report+2024,C:\Users\hp\Desktop\ESG\AnnualReportRetriever\data\dossier_ingestion_0\annual_reports\schneider-electric\2024\candidates\candidate_001_score_100_0.pdf,C:\Users\hp\Desktop\ESG\AnnualReportRetriever\data\dossier_ingestion_0\annual_reports\schneider-electric\2024\candidates\candidate_001_manifest.json,26.721,100.0,auto_download
exact_dup_0013,5c7265d598ec27abd353fa355dd6830b346c4f564701fea6db373b661af4f349,5,"[""Schneider Electric""]","[""annual_report"", ""climate_report"", ""governance_report"", ""sustainability_report""]","[""AnnualReportRetriever"", ""ClimateReportRetriever"", ""GovernanceReportRetriever"", ""SustainabilityReportRetriever""]",4be24d46b96ab8224a21a0ae,AnnualReportRetriever,annual_report,Schneider Electric,schneider-electric,2024,[PDF] Integrated report 2024 - Schneider Electric,https://www.se.com/ww/en/assets/564/document/511188/Integrated-report-2024.pdf?p_enDocType=Financial+release&p_File_Name=Integrated+report+2024,C:\Users\hp\Desktop\ESG\AnnualReportRetriever\data\dossier_ingestion_0\annual_reports\schneider-electric\2024\annual_report.pdf,C:\Users\hp\Desktop\ESG\AnnualReportRetriever\data\dossier_ingestion_0\annual_reports\schneider-electric\2024\manifest.json,26.721,100.0,auto_download
exact_dup_0013,5c7265d598ec27abd353fa355dd6830b346c4f564701fea6db373b661af4f349,5,"[""Schneider Electric""]","[""annual_report"", ""climate_report"", ""governance_report"", ""sustainability_report""]","[""AnnualReportRetriever"", ""ClimateReportRetriever"", ""GovernanceReportRetriever"", ""SustainabilityReportRetriever""]",939be4f9a16f0cdc1491ac93,SustainabilityReportRetriever,sustainability_report,Schneider Electric,schneider-electric,2024,[PDF] Integrated report 2024 - Schneider Electric,https://www.se.com/ww/en/assets/564/document/511188/Integrated-report-2024.pdf?p_enDocType=Financial+release&p_File_Name=Integrated+report+2024,C:\Users\hp\Desktop\ESG\SustainabilityReportRetriever\data\dossier_ingestion_0\sustainability_reports\schneider-electric\2024\candidates\candidate_001_score_100_0.pdf,C:\Users\hp\Desktop\ESG\SustainabilityReportRetriever\data\dossier_ingestion_0\sustainability_reports\schneider-electric\2024\candidates\candidate_001_manifest.json,26.721,100.0,auto_download
exact_dup_0013,5c7265d598ec27abd353fa355dd6830b346c4f564701fea6db373b661af4f349,5,"[""Schneider Electric""]","[""annual_report"", ""climate_report"", ""governance_report"", ""sustainability_report""]","[""AnnualReportRetriever"", ""ClimateReportRetriever"", ""GovernanceReportRetriever"", ""SustainabilityReportRetriever""]",2474e4c7131e12a42ef9136c,ClimateReportRetriever,climate_report,Schneider Electric,schneider-electric,2024,[PDF] Integrated report 2024 - Schneider Electric,https://www.se.com/ww/en/assets/564/document/511188/Integrated-report-2024.pdf?p_enDocType=Financial+release&p_File_Name=Integrated+report+2024,C:\Users\hp\Desktop\ESG\ClimateReportRetriever\data\dossier_ingestion_0\climate_reports\schneider-electric\2024\candidates\candidate_001_score_100_0.pdf,C:\Users\hp\Desktop\ESG\ClimateReportRetriever\data\dossier_ingestion_0\climate_reports\schneider-electric\2024\candidates\candidate_001_manifest.json,26.721,100.0,auto_download
exact_dup_0013,5c7265d598ec27abd353fa355dd6830b346c4f564701fea6db373b661af4f349,5,"[""Schneider Electric""]","[""annual_report"", ""climate_report"", ""governance_report"", ""sustainability_report""]","[""AnnualReportRetriever"", ""ClimateReportRetriever"", ""GovernanceReportRetriever"", ""SustainabilityReportRetriever""]",2aafb8fcdda5996006663915,GovernanceReportRetriever,governance_report,Schneider Electric,schneider-electric,2024,[PDF] Integrated report 2024 - Schneider Electric,https://www.se.com/ww/en/assets/564/document/511188/Integrated-report-2024.pdf?p_enDocType=Financial+release&p_File_Name=Integrated+report+2024,C:\Users\hp\Desktop\ESG\GovernanceReportRetriever\data\dossier_ingestion_0\governance_reports\schneider-electric\2024\candidates\candidate_001_score_100_0.pdf,C:\Users\hp\Desktop\ESG\GovernanceReportRetriever\data\dossier_ingestion_0\governance_reports\schneider-electric\2024\candidates\candidate_001_manifest.json,26.721,100.0,auto_download
exact_dup_0014,5db02adad6fdc7c15ae084fe04edc3c34dfdfaee62f8230f58ac82ee5bc0521c,2,"[""LVMH""]","[""corporate_policy""]","[""CorporatePolicyRetriever""]",d059c60fcdcd9fa8e7bd8eb0,CorporatePolicyRetriever,corporate_policy,LVMH,lvmh,2024,Download,https://lvmh-com.cdn.prismic.io/lvmh-com/ZnBPhZm069VX1z92_210324_LVMH_CodeDeConduite_PT-BRAZIL.pdf,C:\Users\hp\Desktop\ESG\CorporatePolicyRetriever\data\dossier_ingestion_0\corporate_policies\code_of_conduct\lvmh\candidates\candidate_025_score_95_0.pdf,C:\Users\hp\Desktop\ESG\CorporatePolicyRetriever\data\dossier_ingestion_0\corporate_policies\code_of_conduct\lvmh\candidates\candidate_025_manifest.json,1.4984,95.0,auto_download
exact_dup_0014,5db02adad6fdc7c15ae084fe04edc3c34dfdfaee62f8230f58ac82ee5bc0521c,2,"[""LVMH""]","[""corporate_policy""]","[""CorporatePolicyRetriever""]",2cd1308cc6c95b4b324e3fee,CorporatePolicyRetriever,corporate_policy,LVMH,lvmh,2024,下载,https://lvmh-com.cdn.prismic.io/lvmh-com/ZnBUq5m069VX10Bl_210324_LVMH_CodeDeConduite_PT-BRAZIL.pdf,C:\Users\hp\Desktop\ESG\CorporatePolicyRetriever\data\dossier_ingestion_0\corporate_policies\code_of_conduct\lvmh\candidates\candidate_036_score_95_0.pdf,C:\Users\hp\Desktop\ESG\CorporatePolicyRetriever\data\dossier_ingestion_0\corporate_policies\code_of_conduct\lvmh\candidates\candidate_036_manifest.json,1.4984,95.0,auto_download
exact_dup_0015,60686f4d093955808a22a015e58e1937da8a594c0a1c3a1761462ac7fe376f05,2,"[""LVMH""]","[""agm_document""]","[""AGMRetriever""]",7b5987898dfb81b8f53ffa31,AGMRetriever,agm_document,LVMH,lvmh,2024,Avis de convocation publié au BALO le 27 mars 2024,https://lvmh-com.cdn.prismic.io/lvmh-com/ZnKfgJm069VX13x6_avis-de-convocation-publie-au-balo-le-27-mars-2024.pdf,C:\Users\hp\Desktop\ESG\AGMRetriever\data\dossier_ingestion_0\agm_documents\lvmh\2024\candidates\candidate_010_score_83_0.pdf,C:\Users\hp\Desktop\ESG\AGMRetriever\data\dossier_ingestion_0\agm_documents\lvmh\2024\candidates\candidate_010_manifest.json,0.3551,83.0,auto_download
exact_dup_0015,60686f4d093955808a22a015e58e1937da8a594c0a1c3a1761462ac7fe376f05,2,"[""LVMH""]","[""agm_document""]","[""AGMRetriever""]",d5f17c960f26930907fcd326,AGMRetriever,agm_document,LVMH,lvmh,2024,"Convening notice published to the BALO on March 27, 2024 – French version only",https://lvmh-com.cdn.prismic.io/lvmh-com/ZnKpmZm069VX136x_convening-notice-published-to-the-balo-on-march-27-2024.pdf,C:\Users\hp\Desktop\ESG\AGMRetriever\data\dossier_ingestion_0\agm_documents\lvmh\2024\candidates\candidate_043_score_83_0.pdf,C:\Users\hp\Desktop\ESG\AGMRetriever\data\dossier_ingestion_0\agm_documents\lvmh\2024\candidates\candidate_043_manifest.json,0.3551,83.0,auto_download
exact_dup_0016,60fc61d0c6771f724b54b76084d83a4900d2a068d1b88b3607fc5d387e4586eb,3,"[""LVMH"", ""Schneider Electric"", ""TotalEnergies""]","[""sbti_commitment""]","[""SBTiRetriever""]",4fd4849feb99a130b39b7f07,SBTiRetriever,sbti_commitment,LVMH,lvmh,2024,SBTi COMMITMENT,https://files.sciencebasedtargets.org/production/files/SBT-Commitment-Letter.pdf,C:\Users\hp\Desktop\ESG\SBTiRetriever\data\dossier_ingestion_0\sbti_commitments\lvmh\2024\candidates\candidate_001_score_95_0.pdf,C:\Users\hp\Desktop\ESG\SBTiRetriever\data\dossier_ingestion_0\sbti_commitments\lvmh\2024\candidates\candidate_001_manifest.json,0.8929,95.0,auto_download
exact_dup_0016,60fc61d0c6771f724b54b76084d83a4900d2a068d1b88b3607fc5d387e4586eb,3,"[""LVMH"", ""Schneider Electric"", ""TotalEnergies""]","[""sbti_commitment""]","[""SBTiRetriever""]",6d7ddc4e455be2b6287863f9,SBTiRetriever,sbti_commitment,Schneider Electric,schneider-electric,2024,SBTi COMMITMENT,https://files.sciencebasedtargets.org/production/files/SBT-Commitment-Letter.pdf,C:\Users\hp\Desktop\ESG\SBTiRetriever\data\dossier_ingestion_0\sbti_commitments\schneider-electric\2024\candidates\candidate_002_score_95_0.pdf,C:\Users\hp\Desktop\ESG\SBTiRetriever\data\dossier_ingestion_0\sbti_commitments\schneider-electric\2024\candidates\candidate_002_manifest.json,0.8929,95.0,auto_download
exact_dup_0016,60fc61d0c6771f724b54b76084d83a4900d2a068d1b88b3607fc5d387e4586eb,3,"[""LVMH"", ""Schneider Electric"", ""TotalEnergies""]","[""sbti_commitment""]","[""SBTiRetriever""]",da33213218372757fecddf57,SBTiRetriever,sbti_commitment,TotalEnergies,totalenergies,2024,SBTi COMMITMENT,https://files.sciencebasedtargets.org/production/files/SBT-Commitment-Letter.pdf,C:\Users\hp\Desktop\ESG\SBTiRetriever\data\dossier_ingestion_0\sbti_commitments\totalenergies\2024\candidates\candidate_001_score_95_0.pdf,C:\Users\hp\Desktop\ESG\SBTiRetriever\data\dossier_ingestion_0\sbti_commitments\totalenergies\2024\candidates\candidate_001_manifest.json,0.8929,95.0,auto_download
exact_dup_0017,65b02fcd781febf91dfc3c3ac4117cdeeb2c7af67ca847c366c2aebac9c390e3,2,"[""TotalEnergies""]","[""climate_report"", ""sustainability_report""]","[""ClimateReportRetriever"", ""SustainabilityReportRetriever""]",b27ff26ea3f7a1b8eadd05ff,SustainabilityReportRetriever,sustainability_report,TotalEnergies,totalenergies,2024,[PDF] Total Energies - Sustainability & Climate 2024 Progress Report,https://totalenergies.com/system/files/documents/2024-03/totalenergies_sustainability-climate-2024-progress-report_2024_fr_pdf.pdf,C:\Users\hp\Desktop\ESG\SustainabilityReportRetriever\data\dossier_ingestion_0\sustainability_reports\totalenergies\2024\candidates\candidate_001_score_100_0.pdf,C:\Users\hp\Desktop\ESG\SustainabilityReportRetriever\data\dossier_ingestion_0\sustainability_reports\totalenergies\2024\candidates\candidate_001_manifest.json,10.0654,100.0,auto_download
exact_dup_0017,65b02fcd781febf91dfc3c3ac4117cdeeb2c7af67ca847c366c2aebac9c390e3,2,"[""TotalEnergies""]","[""climate_report"", ""sustainability_report""]","[""ClimateReportRetriever"", ""SustainabilityReportRetriever""]",adf37b98b84157ab03bd94e8,ClimateReportRetriever,climate_report,TotalEnergies,totalenergies,2024,[PDF] Total Energies - Sustainability & Climate 2024 Progress Report,https://totalenergies.com/system/files/documents/2024-03/totalenergies_sustainability-climate-2024-progress-report_2024_fr_pdf.pdf,C:\Users\hp\Desktop\ESG\ClimateReportRetriever\data\dossier_ingestion_0\climate_reports\totalenergies\2024\candidates\candidate_002_score_100_0.pdf,C:\Users\hp\Desktop\ESG\ClimateReportRetriever\data\dossier_ingestion_0\climate_reports\totalenergies\2024\candidates\candidate_002_manifest.json,10.0654,100.0,auto_download
exact_dup_0018,6b81b26a669c2109aa078cf19b65e68f2c1c036477977ae79e1d8635adac50c3,2,"[""LVMH"", ""Schneider Electric""]","[""earnings_call""]","[""EarningsCallRetriever""]",2d231fdc269ffa492833ce54,EarningsCallRetriever,earnings_call,LVMH,lvmh,2024,Brokerage Disclaimer,https://cdn.ainvest.com/agreement/Third-Party-Brokerage-Disclaimer.pdf,C:\Users\hp\Desktop\ESG\EarningsCallRetriever\data\dossier_ingestion_0\earnings_calls\lvmh\2024\candidates\candidate_004_score_90_0.pdf,C:\Users\hp\Desktop\ESG\EarningsCallRetriever\data\dossier_ingestion_0\earnings_calls\lvmh\2024\candidates\candidate_004_manifest.json,0.1716,90.0,auto_download
exact_dup_0018,6b81b26a669c2109aa078cf19b65e68f2c1c036477977ae79e1d8635adac50c3,2,"[""LVMH"", ""Schneider Electric""]","[""earnings_call""]","[""EarningsCallRetriever""]",715738443746cc2e4835552d,EarningsCallRetriever,earnings_call,Schneider Electric,schneider-electric,2024,Brokerage Disclaimer,https://cdn.ainvest.com/agreement/Third-Party-Brokerage-Disclaimer.pdf,C:\Users\hp\Desktop\ESG\EarningsCallRetriever\data\dossier_ingestion_0\earnings_calls\schneider-electric\2024\candidates\candidate_004_score_90_0.pdf,C:\Users\hp\Desktop\ESG\EarningsCallRetriever\data\dossier_ingestion_0\earnings_calls\schneider-electric\2024\candidates\candidate_004_manifest.json,0.1716,90.0,auto_download
exact_dup_0019,76e1374cf94a93c56d0db366908721488e38a576d0c577d6ed7caca5bba14714,2,"[""LVMH""]","[""agm_document""]","[""AGMRetriever""]",bae9de18137c6d7abc71e757,AGMRetriever,agm_document,LVMH,lvmh,2024,Avis préalable de réunion paru au BALO le 11 mars 2024,https://lvmh-com.cdn.prismic.io/lvmh-com/ZnKhWZm069VX13zl_lvmh-avis-de-reunion-publie-au-balo-le-11.03.2024.pdf,C:\Users\hp\Desktop\ESG\AGMRetriever\data\dossier_ingestion_0\agm_documents\lvmh\2024\candidates\candidate_014_score_83_0.pdf,C:\Users\hp\Desktop\ESG\AGMRetriever\data\dossier_ingestion_0\agm_documents\lvmh\2024\candidates\candidate_014_manifest.json,0.5379,83.0,auto_download
exact_dup_0019,76e1374cf94a93c56d0db366908721488e38a576d0c577d6ed7caca5bba14714,2,"[""LVMH""]","[""agm_document""]","[""AGMRetriever""]",edc5824b6234a83f7ecf13ce,AGMRetriever,agm_document,LVMH,lvmh,2024,"Notice of meeting published to the BALO on March 11, 2024 – French version only",https://lvmh-com.cdn.prismic.io/lvmh-com/ZnKrnZm069VX138u_lvmh-avis-de-reunion-publie-au-balo-le-11.03.2024-1-.pdf,C:\Users\hp\Desktop\ESG\AGMRetriever\data\dossier_ingestion_0\agm_documents\lvmh\2024\candidates\candidate_033_score_100_0.pdf,C:\Users\hp\Desktop\ESG\AGMRetriever\data\dossier_ingestion_0\agm_documents\lvmh\2024\candidates\candidate_033_manifest.json,0.5379,100.0,auto_download
exact_dup_0020,81a65cc24ce63f02d70b20e003567207d1dcbe36b4962a1a86f66917e2f606a4,3,"[""LVMH"", ""Schneider Electric"", ""TotalEnergies""]","[""sbti_commitment""]","[""SBTiRetriever""]",24219770bae8b500bfccf0c8,SBTiRetriever,sbti_commitment,LVMH,lvmh,2024,slides,https://sciencebasedtargets.org/resources/files/SBTi-Net-Zero-Standard-Event-slides.pdf,C:\Users\hp\Desktop\ESG\SBTiRetriever\data\dossier_ingestion_0\sbti_commitments\lvmh\2024\candidates\candidate_003_score_100_0.pdf,C:\Users\hp\Desktop\ESG\SBTiRetriever\data\dossier_ingestion_0\sbti_commitments\lvmh\2024\candidates\candidate_003_manifest.json,39.0553,100.0,auto_download
exact_dup_0020,81a65cc24ce63f02d70b20e003567207d1dcbe36b4962a1a86f66917e2f606a4,3,"[""LVMH"", ""Schneider Electric"", ""TotalEnergies""]","[""sbti_commitment""]","[""SBTiRetriever""]",c067161872db731478beb924,SBTiRetriever,sbti_commitment,Schneider Electric,schneider-electric,2024,slides,https://sciencebasedtargets.org/resources/files/SBTi-Net-Zero-Standard-Event-slides.pdf,C:\Users\hp\Desktop\ESG\SBTiRetriever\data\dossier_ingestion_0\sbti_commitments\schneider-electric\2024\candidates\candidate_006_score_100_0.pdf,C:\Users\hp\Desktop\ESG\SBTiRetriever\data\dossier_ingestion_0\sbti_commitments\schneider-electric\2024\candidates\candidate_006_manifest.json,39.0553,100.0,auto_download
exact_dup_0020,81a65cc24ce63f02d70b20e003567207d1dcbe36b4962a1a86f66917e2f606a4,3,"[""LVMH"", ""Schneider Electric"", ""TotalEnergies""]","[""sbti_commitment""]","[""SBTiRetriever""]",0b966f2368fa41cd50854535,SBTiRetriever,sbti_commitment,TotalEnergies,totalenergies,2024,slides,https://sciencebasedtargets.org/resources/files/SBTi-Net-Zero-Standard-Event-slides.pdf,C:\Users\hp\Desktop\ESG\SBTiRetriever\data\dossier_ingestion_0\sbti_commitments\totalenergies\2024\candidates\candidate_003_score_100_0.pdf,C:\Users\hp\Desktop\ESG\SBTiRetriever\data\dossier_ingestion_0\sbti_commitments\totalenergies\2024\candidates\candidate_003_manifest.json,39.0553,100.0,auto_download
exact_dup_0021,82fb67a4f9ee959e5bba5bb9ece304a5b51c59ff9f3c5da284e7f165dc977839,2,"[""LVMH""]","[""corporate_policy""]","[""CorporatePolicyRetriever""]",b131563ee2e770069aa41258,CorporatePolicyRetriever,corporate_policy,LVMH,lvmh,2024,Download,https://lvmh-com.cdn.prismic.io/lvmh-com/ZnBR4Zm069VX1z-5_lvmh_codeofconduct_turkish.pdf,C:\Users\hp\Desktop\ESG\CorporatePolicyRetriever\data\dossier_ingestion_0\corporate_policies\code_of_conduct\lvmh\candidates\candidate_021_score_100_0.pdf,C:\Users\hp\Desktop\ESG\CorporatePolicyRetriever\data\dossier_ingestion_0\corporate_policies\code_of_conduct\lvmh\candidates\candidate_021_manifest.json,1.5209,100.0,auto_download
exact_dup_0021,82fb67a4f9ee959e5bba5bb9ece304a5b51c59ff9f3c5da284e7f165dc977839,2,"[""LVMH""]","[""corporate_policy""]","[""CorporatePolicyRetriever""]",7052fe427bb4c48ef4061670,CorporatePolicyRetriever,corporate_policy,LVMH,lvmh,2024,下载,https://lvmh-com.cdn.prismic.io/lvmh-com/ZkdXpSol0Zci9Pgf_LVMH_CodeOfConduct_TURKISH.pdf,C:\Users\hp\Desktop\ESG\CorporatePolicyRetriever\data\dossier_ingestion_0\corporate_policies\code_of_conduct\lvmh\candidates\candidate_034_score_100_0.pdf,C:\Users\hp\Desktop\ESG\CorporatePolicyRetriever\data\dossier_ingestion_0\corporate_policies\code_of_conduct\lvmh\candidates\candidate_034_manifest.json,1.5209,100.0,auto_download
exact_dup_0022,836f1acbdd9a7bc14a8dcbdf0a775b9525529a65a63a8fe29f0ba8c78d741c88,2,"[""LVMH""]","[""corporate_policy""]","[""CorporatePolicyRetriever""]",120f44c41e772e59b8f5d67c,CorporatePolicyRetriever,corporate_policy,LVMH,lvmh,2024,Download,https://lvmh-com.cdn.prismic.io/lvmh-com/ZnBQSJm069VX1z-U_lvmh_codeofconduct_romanian.pdf,C:\Users\hp\Desktop\ESG\CorporatePolicyRetriever\data\dossier_ingestion_0\corporate_policies\code_of_conduct\lvmh\candidates\candidate_016_score_100_0.pdf,C:\Users\hp\Desktop\ESG\CorporatePolicyRetriever\data\dossier_ingestion_0\corporate_policies\code_of_conduct\lvmh\candidates\candidate_016_manifest.json,1.5284,100.0,auto_download
exact_dup_0022,836f1acbdd9a7bc14a8dcbdf0a775b9525529a65a63a8fe29f0ba8c78d741c88,2,"[""LVMH""]","[""corporate_policy""]","[""CorporatePolicyRetriever""]",82f6d59f8bf06347c10b427e,CorporatePolicyRetriever,corporate_policy,LVMH,lvmh,2024,下载,https://lvmh-com.cdn.prismic.io/lvmh-com/ZkdYJiol0Zci9Pg8_LVMH_CodeOfConduct_ROMANIAN.pdf,C:\Users\hp\Desktop\ESG\CorporatePolicyRetriever\data\dossier_ingestion_0\corporate_policies\code_of_conduct\lvmh\candidates\candidate_033_score_100_0.pdf,C:\Users\hp\Desktop\ESG\CorporatePolicyRetriever\data\dossier_ingestion_0\corporate_policies\code_of_conduct\lvmh\candidates\candidate_033_manifest.json,1.5284,100.0,auto_download
exact_dup_0023,87b6b16a52c48e3f3148f3c47f67776984ee50e1eec10395663ff620381ac108,3,"[""LVMH"", ""Schneider Electric"", ""TotalEnergies""]","[""sbti_commitment""]","[""SBTiRetriever""]",da536381ef2c4b957c9c77b4,SBTiRetriever,sbti_commitment,LVMH,lvmh,2024,also available in Japanese,https://sciencebasedtargets.org/resources/files/Net-Zero-Standard-Criteria-jp.pdf,C:\Users\hp\Desktop\ESG\SBTiRetriever\data\dossier_ingestion_0\sbti_commitments\lvmh\2024\candidates\candidate_007_score_95_0.pdf,C:\Users\hp\Desktop\ESG\SBTiRetriever\data\dossier_ingestion_0\sbti_commitments\lvmh\2024\candidates\candidate_007_manifest.json,0.6487,95.0,auto_download
exact_dup_0023,87b6b16a52c48e3f3148f3c47f67776984ee50e1eec10395663ff620381ac108,3,"[""LVMH"", ""Schneider Electric"", ""TotalEnergies""]","[""sbti_commitment""]","[""SBTiRetriever""]",51374993f5fd02c838ba27cc,SBTiRetriever,sbti_commitment,Schneider Electric,schneider-electric,2024,also available in Japanese,https://sciencebasedtargets.org/resources/files/Net-Zero-Standard-Criteria-jp.pdf,C:\Users\hp\Desktop\ESG\SBTiRetriever\data\dossier_ingestion_0\sbti_commitments\schneider-electric\2024\candidates\candidate_010_score_95_0.pdf,C:\Users\hp\Desktop\ESG\SBTiRetriever\data\dossier_ingestion_0\sbti_commitments\schneider-electric\2024\candidates\candidate_010_manifest.json,0.6487,95.0,auto_download
exact_dup_0023,87b6b16a52c48e3f3148f3c47f67776984ee50e1eec10395663ff620381ac108,3,"[""LVMH"", ""Schneider Electric"", ""TotalEnergies""]","[""sbti_commitment""]","[""SBTiRetriever""]",c503a575ab8a40be993acd45,SBTiRetriever,sbti_commitment,TotalEnergies,totalenergies,2024,also available in Japanese,https://sciencebasedtargets.org/resources/files/Net-Zero-Standard-Criteria-jp.pdf,C:\Users\hp\Desktop\ESG\SBTiRetriever\data\dossier_ingestion_0\sbti_commitments\totalenergies\2024\candidates\candidate_007_score_95_0.pdf,C:\Users\hp\Desktop\ESG\SBTiRetriever\data\dossier_ingestion_0\sbti_commitments\totalenergies\2024\candidates\candidate_007_manifest.json,0.6487,95.0,auto_download
exact_dup_0024,887f8e0927b65f32a7c30eb133ab14bbaaf32ba70a002f5e4daace2cac34058f,2,"[""LVMH""]","[""corporate_policy""]","[""CorporatePolicyRetriever""]",ed7689870177fc6458199c83,CorporatePolicyRetriever,corporate_policy,LVMH,lvmh,2024,Download,https://lvmh-com.cdn.prismic.io/lvmh-com/ZnBQaZm069VX1z-W_lvmh_codeofconduct_czech.pdf,C:\Users\hp\Desktop\ESG\CorporatePolicyRetriever\data\dossier_ingestion_0\corporate_policies\code_of_conduct\lvmh\candidates\candidate_007_score_100_0.pdf,C:\Users\hp\Desktop\ESG\CorporatePolicyRetriever\data\dossier_ingestion_0\corporate_policies\code_of_conduct\lvmh\candidates\candidate_007_manifest.json,1.5099,100.0,auto_download
exact_dup_0024,887f8e0927b65f32a7c30eb133ab14bbaaf32ba70a002f5e4daace2cac34058f,2,"[""LVMH""]","[""corporate_policy""]","[""CorporatePolicyRetriever""]",6b6493a4df883f795779168f,CorporatePolicyRetriever,corporate_policy,LVMH,lvmh,2024,下载,https://lvmh-com.cdn.prismic.io/lvmh-com/ZkdYryol0Zci9Pha_LVMH_CodeOfConduct_CZECH.pdf,C:\Users\hp\Desktop\ESG\CorporatePolicyRetriever\data\dossier_ingestion_0\corporate_policies\code_of_conduct\lvmh\candidates\candidate_030_score_100_0.pdf,C:\Users\hp\Desktop\ESG\CorporatePolicyRetriever\data\dossier_ingestion_0\corporate_policies\code_of_conduct\lvmh\candidates\candidate_030_manifest.json,1.5099,100.0,auto_download
exact_dup_0025,89d162c4a20b0b532fd6c15021ed8bf6cf65551b34fa5c5a0b757b0fa03ce25d,2,"[""Schneider Electric""]","[""annual_report"", ""sustainability_report""]","[""AnnualReportRetriever"", ""SustainabilityReportRetriever""]",f012ee5ff2ed9fb6a06cbd76,AnnualReportRetriever,annual_report,Schneider Electric,schneider-electric,2024,[PDF] Document d'Enregistrement Universel 2024 - Schneider Electric,https://www.se.com/ww/fr/assets/342/document/510443/2024-document-enregistrement-universel.pdf,C:\Users\hp\Desktop\ESG\AnnualReportRetriever\data\dossier_ingestion_0\annual_reports\schneider-electric\2024\candidates\candidate_004_score_100_0.pdf,C:\Users\hp\Desktop\ESG\AnnualReportRetriever\data\dossier_ingestion_0\annual_reports\schneider-electric\2024\candidates\candidate_004_manifest.json,13.9201,100.0,auto_download
exact_dup_0025,89d162c4a20b0b532fd6c15021ed8bf6cf65551b34fa5c5a0b757b0fa03ce25d,2,"[""Schneider Electric""]","[""annual_report"", ""sustainability_report""]","[""AnnualReportRetriever"", ""SustainabilityReportRetriever""]",ef30c4bb053dded2c7972fa8,SustainabilityReportRetriever,sustainability_report,Schneider Electric,schneider-electric,2024,[PDF] Document d'Enregistrement Universel 2024 - Schneider Electric,https://www.se.com/ww/fr/assets/342/document/510443/2024-document-enregistrement-universel.pdf,C:\Users\hp\Desktop\ESG\SustainabilityReportRetriever\data\dossier_ingestion_0\sustainability_reports\schneider-electric\2024\candidates\candidate_003_score_100_0.pdf,C:\Users\hp\Desktop\ESG\SustainabilityReportRetriever\data\dossier_ingestion_0\sustainability_reports\schneider-electric\2024\candidates\candidate_003_manifest.json,13.9201,100.0,auto_download
exact_dup_0026,8b5dda203d109ab2d207db2deedda355a58e2ecc10a99d0401f9212346916513,3,"[""LVMH"", ""Schneider Electric"", ""TotalEnergies""]","[""sbti_commitment""]","[""SBTiRetriever""]",840b9829dcbe766ee2958930,SBTiRetriever,sbti_commitment,LVMH,lvmh,2024,Corporate Net-Zero Standard V1.3.1 Method Appendix,https://files.sciencebasedtargets.org/production/files/CNZS-V1.3.1-Method-Appendix.pdf,C:\Users\hp\Desktop\ESG\SBTiRetriever\data\dossier_ingestion_0\sbti_commitments\lvmh\2024\candidates\candidate_008_score_95_0.pdf,C:\Users\hp\Desktop\ESG\SBTiRetriever\data\dossier_ingestion_0\sbti_commitments\lvmh\2024\candidates\candidate_008_manifest.json,0.5188,95.0,auto_download
exact_dup_0026,8b5dda203d109ab2d207db2deedda355a58e2ecc10a99d0401f9212346916513,3,"[""LVMH"", ""Schneider Electric"", ""TotalEnergies""]","[""sbti_commitment""]","[""SBTiRetriever""]",e61260f399e34448d447a326,SBTiRetriever,sbti_commitment,Schneider Electric,schneider-electric,2024,Corporate Net-Zero Standard V1.3.1 Method Appendix,https://files.sciencebasedtargets.org/production/files/CNZS-V1.3.1-Method-Appendix.pdf,C:\Users\hp\Desktop\ESG\SBTiRetriever\data\dossier_ingestion_0\sbti_commitments\schneider-electric\2024\candidates\candidate_011_score_95_0.pdf,C:\Users\hp\Desktop\ESG\SBTiRetriever\data\dossier_ingestion_0\sbti_commitments\schneider-electric\2024\candidates\candidate_011_manifest.json,0.5188,95.0,auto_download
exact_dup_0026,8b5dda203d109ab2d207db2deedda355a58e2ecc10a99d0401f9212346916513,3,"[""LVMH"", ""Schneider Electric"", ""TotalEnergies""]","[""sbti_commitment""]","[""SBTiRetriever""]",7970dc144c75da8550bed966,SBTiRetriever,sbti_commitment,TotalEnergies,totalenergies,2024,Corporate Net-Zero Standard V1.3.1 Method Appendix,https://files.sciencebasedtargets.org/production/files/CNZS-V1.3.1-Method-Appendix.pdf,C:\Users\hp\Desktop\ESG\SBTiRetriever\data\dossier_ingestion_0\sbti_commitments\totalenergies\2024\candidates\candidate_008_score_95_0.pdf,C:\Users\hp\Desktop\ESG\SBTiRetriever\data\dossier_ingestion_0\sbti_commitments\totalenergies\2024\candidates\candidate_008_manifest.json,0.5188,95.0,auto_download
exact_dup_0027,8c0adf253981086eac041a56a8aed211b460d104940e5add6f1138be763b1275,2,"[""LVMH"", ""Schneider Electric""]","[""earnings_call""]","[""EarningsCallRetriever""]",ae251ba6c48a08306ac1ad84,EarningsCallRetriever,earnings_call,LVMH,lvmh,2024,AI Risk Disclosures,https://cdn.ainvest.com/agreement/Ainvest-AI-Risk-Disclosures.pdf,C:\Users\hp\Desktop\ESG\EarningsCallRetriever\data\dossier_ingestion_0\earnings_calls\lvmh\2024\candidates\candidate_005_score_90_0.pdf,C:\Users\hp\Desktop\ESG\EarningsCallRetriever\data\dossier_ingestion_0\earnings_calls\lvmh\2024\candidates\candidate_005_manifest.json,0.1258,90.0,auto_download
exact_dup_0027,8c0adf253981086eac041a56a8aed211b460d104940e5add6f1138be763b1275,2,"[""LVMH"", ""Schneider Electric""]","[""earnings_call""]","[""EarningsCallRetriever""]",829fe458efc928c2c902a46a,EarningsCallRetriever,earnings_call,Schneider Electric,schneider-electric,2024,AI Risk Disclosures,https://cdn.ainvest.com/agreement/Ainvest-AI-Risk-Disclosures.pdf,C:\Users\hp\Desktop\ESG\EarningsCallRetriever\data\dossier_ingestion_0\earnings_calls\schneider-electric\2024\candidates\candidate_005_score_90_0.pdf,C:\Users\hp\Desktop\ESG\EarningsCallRetriever\data\dossier_ingestion_0\earnings_calls\schneider-electric\2024\candidates\candidate_005_manifest.json,0.1258,90.0,auto_download
exact_dup_0028,9030f042798f02536a2e288268dff0af1da30f0ac14e0482a1046be7ec85a7f4,2,"[""LVMH""]","[""agm_document""]","[""AGMRetriever""]",7f5c1d388be70b4a6c32cf62,AGMRetriever,agm_document,LVMH,lvmh,2024,Formulaire Unique de Participation,https://lvmh-com.cdn.prismic.io/lvmh-com/ZnKd05m069VX13xE_lvmh-2024-formulaire-unique-de-participation-single-attendance-form.pdf,C:\Users\hp\Desktop\ESG\AGMRetriever\data\dossier_ingestion_0\agm_documents\lvmh\2024\candidates\candidate_008_score_83_0.pdf,C:\Users\hp\Desktop\ESG\AGMRetriever\data\dossier_ingestion_0\agm_documents\lvmh\2024\candidates\candidate_008_manifest.json,0.4125,83.0,auto_download
exact_dup_0028,9030f042798f02536a2e288268dff0af1da30f0ac14e0482a1046be7ec85a7f4,2,"[""LVMH""]","[""agm_document""]","[""AGMRetriever""]",e099edbabc90e8c55b9959c9,AGMRetriever,agm_document,LVMH,lvmh,2024,Single attendance form,https://lvmh-com.cdn.prismic.io/lvmh-com/ZnKpapm069VX136l_lvmh-2024-formulaire-unique-de-participation-single-attendance-form-1-.pdf,C:\Users\hp\Desktop\ESG\AGMRetriever\data\dossier_ingestion_0\agm_documents\lvmh\2024\candidates\candidate_041_score_83_0.pdf,C:\Users\hp\Desktop\ESG\AGMRetriever\data\dossier_ingestion_0\agm_documents\lvmh\2024\candidates\candidate_041_manifest.json,0.4125,83.0,auto_download
exact_dup_0029,91ea15aaa3408f434ce7402805abc7805c41f853058fa12f62655dcee6eb25b6,2,"[""LVMH""]","[""agm_document""]","[""AGMRetriever""]",6c4265040ee1b162c563fe91,AGMRetriever,agm_document,LVMH,lvmh,2024,"Convening Brochure at the Shareholders’ Meeting April 18, 2024 (e-accessible)",https://lvmh-com.cdn.prismic.io/lvmh-com/ZnKpVJm069VX136g_convening-brochure-shareholders-meeting-april-18-2024.pdf,C:\Users\hp\Desktop\ESG\AGMRetriever\data\dossier_ingestion_0\agm_documents\lvmh\2024\candidates\candidate_040_score_83_0.pdf,C:\Users\hp\Desktop\ESG\AGMRetriever\data\dossier_ingestion_0\agm_documents\lvmh\2024\candidates\candidate_040_manifest.json,4.0128,83.0,auto_download
exact_dup_0029,91ea15aaa3408f434ce7402805abc7805c41f853058fa12f62655dcee6eb25b6,2,"[""LVMH""]","[""agm_document""]","[""AGMRetriever""]",078d02ea9620d11b1d450a2a,AGMRetriever,agm_document,LVMH,lvmh,2024,Statutory Auditors’ Reports on the draft resolutions,https://lvmh-com.cdn.prismic.io/lvmh-com/ZnKqCJm069VX137F_convening-brochure-shareholders-meeting-april-18-2024-1-.pdf,C:\Users\hp\Desktop\ESG\AGMRetriever\data\dossier_ingestion_0\agm_documents\lvmh\2024\candidates\candidate_044_score_83_0.pdf,C:\Users\hp\Desktop\ESG\AGMRetriever\data\dossier_ingestion_0\agm_documents\lvmh\2024\candidates\candidate_044_manifest.json,4.0128,83.0,auto_download
exact_dup_0030,9c5c4949b391f334bb5fa48e37f255512d61ccf6308de9b56c1545b4f6cfa3e2,2,"[""LVMH"", ""Schneider Electric""]","[""earnings_call""]","[""EarningsCallRetriever""]",4dc7b5eda9b788df562ae846,EarningsCallRetriever,earnings_call,LVMH,lvmh,2024,Terms of Use,https://cdn.ainvest.com/agreement/Ainvest-Fintech-Terms-of-Use.pdf,C:\Users\hp\Desktop\ESG\EarningsCallRetriever\data\dossier_ingestion_0\earnings_calls\lvmh\2024\candidates\candidate_002_score_90_0.pdf,C:\Users\hp\Desktop\ESG\EarningsCallRetriever\data\dossier_ingestion_0\earnings_calls\lvmh\2024\candidates\candidate_002_manifest.json,0.0833,90.0,auto_download
exact_dup_0030,9c5c4949b391f334bb5fa48e37f255512d61ccf6308de9b56c1545b4f6cfa3e2,2,"[""LVMH"", ""Schneider Electric""]","[""earnings_call""]","[""EarningsCallRetriever""]",f3034c31808ff1a58d73d3c5,EarningsCallRetriever,earnings_call,Schneider Electric,schneider-electric,2024,Terms of Use,https://cdn.ainvest.com/agreement/Ainvest-Fintech-Terms-of-Use.pdf,C:\Users\hp\Desktop\ESG\EarningsCallRetriever\data\dossier_ingestion_0\earnings_calls\schneider-electric\2024\candidates\candidate_002_score_90_0.pdf,C:\Users\hp\Desktop\ESG\EarningsCallRetriever\data\dossier_ingestion_0\earnings_calls\schneider-electric\2024\candidates\candidate_002_manifest.json,0.0833,90.0,auto_download
exact_dup_0031,9f36260d666604e27c0193792f964971a1315bcc570554a9450737fe9ebd57f2,3,"[""LVMH"", ""Schneider Electric"", ""TotalEnergies""]","[""sbti_commitment""]","[""SBTiRetriever""]",4a8d1465a871dd721ca79b39,SBTiRetriever,sbti_commitment,LVMH,lvmh,2024,Pathways to Net-Zero,https://sciencebasedtargets.org/resources/files/Pathway-to-Net-Zero.pdf,C:\Users\hp\Desktop\ESG\SBTiRetriever\data\dossier_ingestion_0\sbti_commitments\lvmh\2024\candidates\candidate_012_score_95_0.pdf,C:\Users\hp\Desktop\ESG\SBTiRetriever\data\dossier_ingestion_0\sbti_commitments\lvmh\2024\candidates\candidate_012_manifest.json,0.5251,95.0,auto_download
exact_dup_0031,9f36260d666604e27c0193792f964971a1315bcc570554a9450737fe9ebd57f2,3,"[""LVMH"", ""Schneider Electric"", ""TotalEnergies""]","[""sbti_commitment""]","[""SBTiRetriever""]",0dbe333ae520bd22d873138d,SBTiRetriever,sbti_commitment,Schneider Electric,schneider-electric,2024,Pathways to Net-Zero,https://sciencebasedtargets.org/resources/files/Pathway-to-Net-Zero.pdf,C:\Users\hp\Desktop\ESG\SBTiRetriever\data\dossier_ingestion_0\sbti_commitments\schneider-electric\2024\candidates\candidate_015_score_95_0.pdf,C:\Users\hp\Desktop\ESG\SBTiRetriever\data\dossier_ingestion_0\sbti_commitments\schneider-electric\2024\candidates\candidate_015_manifest.json,0.5251,95.0,auto_download
exact_dup_0031,9f36260d666604e27c0193792f964971a1315bcc570554a9450737fe9ebd57f2,3,"[""LVMH"", ""Schneider Electric"", ""TotalEnergies""]","[""sbti_commitment""]","[""SBTiRetriever""]",3c4a4f7cd5c1aeb5a4cc1e49,SBTiRetriever,sbti_commitment,TotalEnergies,totalenergies,2024,Pathways to Net-Zero,https://sciencebasedtargets.org/resources/files/Pathway-to-Net-Zero.pdf,C:\Users\hp\Desktop\ESG\SBTiRetriever\data\dossier_ingestion_0\sbti_commitments\totalenergies\2024\candidates\candidate_012_score_95_0.pdf,C:\Users\hp\Desktop\ESG\SBTiRetriever\data\dossier_ingestion_0\sbti_commitments\totalenergies\2024\candidates\candidate_012_manifest.json,0.5251,95.0,auto_download
exact_dup_0032,a3cfa122246d008c6742d664c2671f9d3252dfee3ffe76a05b7188b05bb2beda,2,"[""LVMH""]","[""agm_document""]","[""AGMRetriever""]",5658b9fde1cf0cd23f42883a,AGMRetriever,agm_document,LVMH,lvmh,2024,Nombre total de droits de vote et d’actions composant le capital à la date de parution de l’avis préalable du 11 mars 2024,https://lvmh-com.cdn.prismic.io/lvmh-com/ZnKh45m069VX130K_droits-de-vote-lvmh-au-11.03.2024.pdf,C:\Users\hp\Desktop\ESG\AGMRetriever\data\dossier_ingestion_0\agm_documents\lvmh\2024\candidates\candidate_017_score_83_0.pdf,C:\Users\hp\Desktop\ESG\AGMRetriever\data\dossier_ingestion_0\agm_documents\lvmh\2024\candidates\candidate_017_manifest.json,0.1134,83.0,auto_download
exact_dup_0032,a3cfa122246d008c6742d664c2671f9d3252dfee3ffe76a05b7188b05bb2beda,2,"[""LVMH""]","[""agm_document""]","[""AGMRetriever""]",b1f32a5abcb4b7c585432045,AGMRetriever,agm_document,LVMH,lvmh,2024,"Disclosure of total outstanding shares and voting rights at the date of the publication of the Notice of Meeting on March 11, 2024 – French version only",https://lvmh-com.cdn.prismic.io/lvmh-com/ZnKsB5m069VX139G_droits-de-vote-lvmh-au-11.03.2024-1-.pdf,C:\Users\hp\Desktop\ESG\AGMRetriever\data\dossier_ingestion_0\agm_documents\lvmh\2024\candidates\candidate_034_score_100_0.pdf,C:\Users\hp\Desktop\ESG\AGMRetriever\data\dossier_ingestion_0\agm_documents\lvmh\2024\candidates\candidate_034_manifest.json,0.1134,100.0,auto_download
exact_dup_0033,a809cbd84ea01e4ab02cad9e4fbf65c1fe1420b9157d072948a2a5ca313c54e9,3,"[""LVMH"", ""Schneider Electric"", ""TotalEnergies""]","[""sbti_commitment""]","[""SBTiRetriever""]",1a5900105a6bda741ef1978e,SBTiRetriever,sbti_commitment,LVMH,lvmh,2024,Corporate Net-Zero Standard Criteria,https://sciencebasedtargets.org/resources/files/Net-Zero-Standard-Criteria.pdf,C:\Users\hp\Desktop\ESG\SBTiRetriever\data\dossier_ingestion_0\sbti_commitments\lvmh\2024\candidates\candidate_006_score_95_0.pdf,C:\Users\hp\Desktop\ESG\SBTiRetriever\data\dossier_ingestion_0\sbti_commitments\lvmh\2024\candidates\candidate_006_manifest.json,0.3774,95.0,auto_download
exact_dup_0033,a809cbd84ea01e4ab02cad9e4fbf65c1fe1420b9157d072948a2a5ca313c54e9,3,"[""LVMH"", ""Schneider Electric"", ""TotalEnergies""]","[""sbti_commitment""]","[""SBTiRetriever""]",a53f9e23984fe377e6315df2,SBTiRetriever,sbti_commitment,Schneider Electric,schneider-electric,2024,Corporate Net-Zero Standard Criteria,https://sciencebasedtargets.org/resources/files/Net-Zero-Standard-Criteria.pdf,C:\Users\hp\Desktop\ESG\SBTiRetriever\data\dossier_ingestion_0\sbti_commitments\schneider-electric\2024\candidates\candidate_009_score_95_0.pdf,C:\Users\hp\Desktop\ESG\SBTiRetriever\data\dossier_ingestion_0\sbti_commitments\schneider-electric\2024\candidates\candidate_009_manifest.json,0.3774,95.0,auto_download
exact_dup_0033,a809cbd84ea01e4ab02cad9e4fbf65c1fe1420b9157d072948a2a5ca313c54e9,3,"[""LVMH"", ""Schneider Electric"", ""TotalEnergies""]","[""sbti_commitment""]","[""SBTiRetriever""]",feb3ff8d6435f60369bea229,SBTiRetriever,sbti_commitment,TotalEnergies,totalenergies,2024,Corporate Net-Zero Standard Criteria,https://sciencebasedtargets.org/resources/files/Net-Zero-Standard-Criteria.pdf,C:\Users\hp\Desktop\ESG\SBTiRetriever\data\dossier_ingestion_0\sbti_commitments\totalenergies\2024\candidates\candidate_006_score_95_0.pdf,C:\Users\hp\Desktop\ESG\SBTiRetriever\data\dossier_ingestion_0\sbti_commitments\totalenergies\2024\candidates\candidate_006_manifest.json,0.3774,95.0,auto_download
exact_dup_0034,af3e861ccd5b9bce07cc6e078a5d820c898fbf5cc680c6700edd1f0117245785,2,"[""Schneider Electric"", ""TotalEnergies""]","[""sbti_commitment""]","[""SBTiRetriever""]",c6b0a47107298f70392f9d9a,SBTiRetriever,sbti_commitment,Schneider Electric,schneider-electric,2024,SBTi Criteria Assessment Indicators,https://sciencebasedtargets.org/resources/files/SBTi-Criteria-Assessment-Indicators.pdf,C:\Users\hp\Desktop\ESG\SBTiRetriever\data\dossier_ingestion_0\sbti_commitments\schneider-electric\2024\candidates\candidate_003_score_100_0.pdf,C:\Users\hp\Desktop\ESG\SBTiRetriever\data\dossier_ingestion_0\sbti_commitments\schneider-electric\2024\candidates\candidate_003_manifest.json,3.4952,100.0,auto_download
exact_dup_0034,af3e861ccd5b9bce07cc6e078a5d820c898fbf5cc680c6700edd1f0117245785,2,"[""Schneider Electric"", ""TotalEnergies""]","[""sbti_commitment""]","[""SBTiRetriever""]",adc5a0e05e4c6707a7fbfd14,SBTiRetriever,sbti_commitment,TotalEnergies,totalenergies,2024,SBTi Criteria Assessment Indicators,https://sciencebasedtargets.org/resources/files/SBTi-Criteria-Assessment-Indicators.pdf,C:\Users\hp\Desktop\ESG\SBTiRetriever\data\dossier_ingestion_0\sbti_commitments\totalenergies\2024\candidates\candidate_013_score_100_0.pdf,C:\Users\hp\Desktop\ESG\SBTiRetriever\data\dossier_ingestion_0\sbti_commitments\totalenergies\2024\candidates\candidate_013_manifest.json,3.4952,100.0,auto_download
exact_dup_0035,b322846a21ab10cee9a7056b598f07afebb87397810f878191c4b7f1621d626b,3,"[""LVMH"", ""Schneider Electric"", ""TotalEnergies""]","[""sbti_commitment""]","[""SBTiRetriever""]",3d4aa1fa793ec6730dcfff68,SBTiRetriever,sbti_commitment,LVMH,lvmh,2024,Above and Beyond: An SBTi report on the design and implementation of beyond value chain mitigation (BVCM),https://sciencebasedtargets.org/resources/files/Above-and-Beyond-Report-on-BVCM.pdf,C:\Users\hp\Desktop\ESG\SBTiRetriever\data\dossier_ingestion_0\sbti_commitments\lvmh\2024\candidates\candidate_010_score_95_0.pdf,C:\Users\hp\Desktop\ESG\SBTiRetriever\data\dossier_ingestion_0\sbti_commitments\lvmh\2024\candidates\candidate_010_manifest.json,8.8254,95.0,auto_download
exact_dup_0035,b322846a21ab10cee9a7056b598f07afebb87397810f878191c4b7f1621d626b,3,"[""LVMH"", ""Schneider Electric"", ""TotalEnergies""]","[""sbti_commitment""]","[""SBTiRetriever""]",106b2a4d7f3a408c8f42b55a,SBTiRetriever,sbti_commitment,Schneider Electric,schneider-electric,2024,Above and Beyond: An SBTi report on the design and implementation of beyond value chain mitigation (BVCM),https://sciencebasedtargets.org/resources/files/Above-and-Beyond-Report-on-BVCM.pdf,C:\Users\hp\Desktop\ESG\SBTiRetriever\data\dossier_ingestion_0\sbti_commitments\schneider-electric\2024\candidates\candidate_013_score_95_0.pdf,C:\Users\hp\Desktop\ESG\SBTiRetriever\data\dossier_ingestion_0\sbti_commitments\schneider-electric\2024\candidates\candidate_013_manifest.json,8.8254,95.0,auto_download
exact_dup_0035,b322846a21ab10cee9a7056b598f07afebb87397810f878191c4b7f1621d626b,3,"[""LVMH"", ""Schneider Electric"", ""TotalEnergies""]","[""sbti_commitment""]","[""SBTiRetriever""]",3a87eab1beb0c13c289efbe1,SBTiRetriever,sbti_commitment,TotalEnergies,totalenergies,2024,Above and Beyond: An SBTi report on the design and implementation of beyond value chain mitigation (BVCM),https://sciencebasedtargets.org/resources/files/Above-and-Beyond-Report-on-BVCM.pdf,C:\Users\hp\Desktop\ESG\SBTiRetriever\data\dossier_ingestion_0\sbti_commitments\totalenergies\2024\candidates\candidate_010_score_95_0.pdf,C:\Users\hp\Desktop\ESG\SBTiRetriever\data\dossier_ingestion_0\sbti_commitments\totalenergies\2024\candidates\candidate_010_manifest.json,8.8254,95.0,auto_download
exact_dup_0036,be00dec2028e6e6f85973a289e9e5621e6543eb26d9aff578c6553ee46ce5fa7,2,"[""LVMH""]","[""sbti_commitment""]","[""SBTiRetriever""]",3c02f5709f9b6b4c8275fb0a,SBTiRetriever,sbti_commitment,LVMH,lvmh,2024,View the previous version (1.0) here.,https://sciencebasedtargets.org/resources/files/Legacy-Net-Zero-Standard-V1.0.pdf,C:\Users\hp\Desktop\ESG\SBTiRetriever\data\dossier_ingestion_0\sbti_commitments\lvmh\2024\candidates\candidate_025_score_95_0.pdf,C:\Users\hp\Desktop\ESG\SBTiRetriever\data\dossier_ingestion_0\sbti_commitments\lvmh\2024\candidates\candidate_025_manifest.json,1.7128,95.0,auto_download
exact_dup_0036,be00dec2028e6e6f85973a289e9e5621e6543eb26d9aff578c6553ee46ce5fa7,2,"[""LVMH""]","[""sbti_commitment""]","[""SBTiRetriever""]",207898190074fbd6de2bb5ef,SBTiRetriever,sbti_commitment,LVMH,lvmh,2024,SBTI CORPORATE,https://www.wkcgroup.com/wp-content/uploads/2023/02/Science-Based-Targets-Initiative-SBTi-Net-Zero-Standard.pdf,C:\Users\hp\Desktop\ESG\SBTiRetriever\data\dossier_ingestion_0\sbti_commitments\lvmh\2024\candidates\candidate_047_score_80_0.pdf,C:\Users\hp\Desktop\ESG\SBTiRetriever\data\dossier_ingestion_0\sbti_commitments\lvmh\2024\candidates\candidate_047_manifest.json,1.7128,80.0,auto_download
exact_dup_0037,c0294fa903042125e9347c0592847defd97f5da88182a640162598828d33b4f0,2,"[""TotalEnergies""]","[""annual_report"", ""sustainability_report""]","[""AnnualReportRetriever"", ""SustainabilityReportRetriever""]",6a200102f172136fb22119b8,AnnualReportRetriever,annual_report,TotalEnergies,totalenergies,2024,[PDF] 2024 Universal Registration Document (PDF version) - Total Energies,https://totalenergies.com/system/files/documents/totalenergies_universal-registration-document-2024_2025_en.pdf,C:\Users\hp\Desktop\ESG\AnnualReportRetriever\data\dossier_ingestion_0\annual_reports\totalenergies\2024\annual_report.pdf,C:\Users\hp\Desktop\ESG\AnnualReportRetriever\data\dossier_ingestion_0\annual_reports\totalenergies\2024\manifest.json,16.3762,100.0,auto_download
exact_dup_0037,c0294fa903042125e9347c0592847defd97f5da88182a640162598828d33b4f0,2,"[""TotalEnergies""]","[""annual_report"", ""sustainability_report""]","[""AnnualReportRetriever"", ""SustainabilityReportRetriever""]",b3f7d35f2501d394cbe21a3a,SustainabilityReportRetriever,sustainability_report,TotalEnergies,totalenergies,2024,2024 Universal Registration Document (PDF version),https://totalenergies.com/system/files/documents/totalenergies_universal-registration-document-2024_2025_en.pdf,C:\Users\hp\Desktop\ESG\SustainabilityReportRetriever\data\dossier_ingestion_0\sustainability_reports\totalenergies\2024\candidates\candidate_002_score_100_0.pdf,C:\Users\hp\Desktop\ESG\SustainabilityReportRetriever\data\dossier_ingestion_0\sustainability_reports\totalenergies\2024\candidates\candidate_002_manifest.json,16.3762,100.0,auto_download
exact_dup_0038,c65ec5c295536fd09cb15ccf7c6172f35215556f5d9b9f74f802a602d22b238d,2,"[""TotalEnergies""]","[""corporate_policy"", ""sustainability_report""]","[""CorporatePolicyRetriever"", ""SustainabilityReportRetriever""]",2c1f6d0efdb25e298d3ee346,SustainabilityReportRetriever,sustainability_report,TotalEnergies,totalenergies,2024,Document d'enregistrement universel 2024 (version PDF),https://totalenergies.com/system/files/documents/totalenergies_document-enregistrement-universel-2024_2025_fr.pdf,C:\Users\hp\Desktop\ESG\SustainabilityReportRetriever\data\dossier_ingestion_0\sustainability_reports\totalenergies\2024\candidates\candidate_004_score_100_0.pdf,C:\Users\hp\Desktop\ESG\SustainabilityReportRetriever\data\dossier_ingestion_0\sustainability_reports\totalenergies\2024\candidates\candidate_004_manifest.json,16.1175,100.0,auto_download
exact_dup_0038,c65ec5c295536fd09cb15ccf7c6172f35215556f5d9b9f74f802a602d22b238d,2,"[""TotalEnergies""]","[""corporate_policy"", ""sustainability_report""]","[""CorporatePolicyRetriever"", ""SustainabilityReportRetriever""]",5ed58e7216f113d859dc0bf6,CorporatePolicyRetriever,corporate_policy,TotalEnergies,totalenergies,2024,TotalEnergies_DEU_2024_VF,https://totalenergies.com/system/files/documents/totalenergies_document-enregistrement-universel-2024_2025_fr.pdf,C:\Users\hp\Desktop\ESG\CorporatePolicyRetriever\data\dossier_ingestion_0\corporate_policies\environmental\totalenergies\candidates\candidate_001_score_100_0.pdf,C:\Users\hp\Desktop\ESG\CorporatePolicyRetriever\data\dossier_ingestion_0\corporate_policies\environmental\totalenergies\candidates\candidate_001_manifest.json,16.1175,100.0,auto_download
exact_dup_0039,cb4f46a0de5e59d280ed6ce687ecc690a6dd8a1cda47d95767f080d72887ca42,3,"[""LVMH""]","[""climate_report"", ""sustainability_report""]","[""ClimateReportRetriever"", ""SustainabilityReportRetriever""]",23ab3a73550e7b77601461dc,SustainabilityReportRetriever,sustainability_report,LVMH,lvmh,2024,aGbA7Hfc4bHWjB6j_LVMH_RS...,https://lvmh-com.cdn.prismic.io/lvmh-com/aGbA7Hfc4bHWjB6j_LVMH_RSE2024_EN_accessible_version.pdf,C:\Users\hp\Desktop\ESG\SustainabilityReportRetriever\data\dossier_ingestion_0\sustainability_reports\lvmh\2024\candidates\candidate_002_score_81_0.pdf,C:\Users\hp\Desktop\ESG\SustainabilityReportRetriever\data\dossier_ingestion_0\sustainability_reports\lvmh\2024\candidates\candidate_002_manifest.json,32.7079,81.0,auto_download
exact_dup_0039,cb4f46a0de5e59d280ed6ce687ecc690a6dd8a1cda47d95767f080d72887ca42,3,"[""LVMH""]","[""climate_report"", ""sustainability_report""]","[""ClimateReportRetriever"", ""SustainabilityReportRetriever""]",8ac8b1ba60a78ad9ceaac0f6,SustainabilityReportRetriever,sustainability_report,LVMH,lvmh,2024,aGbA7Hfc4bHWjB6j_LVMH_RS...,https://lvmh-com.cdn.prismic.io/lvmh-com/aGbA7Hfc4bHWjB6j_LVMH_RSE2024_EN_accessible_version.pdf,C:\Users\hp\Desktop\ESG\SustainabilityReportRetriever\data\dossier_ingestion_0\sustainability_reports\lvmh\2024\candidates\candidate_004_score_81_0.pdf,C:\Users\hp\Desktop\ESG\SustainabilityReportRetriever\data\dossier_ingestion_0\sustainability_reports\lvmh\2024\candidates\candidate_004_manifest.json,32.7079,81.0,auto_download
exact_dup_0039,cb4f46a0de5e59d280ed6ce687ecc690a6dd8a1cda47d95767f080d72887ca42,3,"[""LVMH""]","[""climate_report"", ""sustainability_report""]","[""ClimateReportRetriever"", ""SustainabilityReportRetriever""]",eeb492802f5d479b9fa40e20,ClimateReportRetriever,climate_report,LVMH,lvmh,2024,aGbA7Hfc4bHWjB6j_LVMH_RS...,https://lvmh-com.cdn.prismic.io/lvmh-com/aGbA7Hfc4bHWjB6j_LVMH_RSE2024_EN_accessible_version.pdf,C:\Users\hp\Desktop\ESG\ClimateReportRetriever\data\dossier_ingestion_0\climate_reports\lvmh\2024\candidates\candidate_001_score_98_0.pdf,C:\Users\hp\Desktop\ESG\ClimateReportRetriever\data\dossier_ingestion_0\climate_reports\lvmh\2024\candidates\candidate_001_manifest.json,32.7079,98.0,auto_download
exact_dup_0040,cc0cd029bc515475dbbdd4efffb54c7f0cc5ccb96649d71034081e5eba02395a,2,"[""LVMH""]","[""corporate_policy""]","[""CorporatePolicyRetriever""]",6281c7885e550c4abbdc83bd,CorporatePolicyRetriever,corporate_policy,LVMH,lvmh,2024,Download,https://lvmh-com.cdn.prismic.io/lvmh-com/ZnBPzpm069VX1z-A_lvmh_codeofconduct_arabic.pdf,C:\Users\hp\Desktop\ESG\CorporatePolicyRetriever\data\dossier_ingestion_0\corporate_policies\code_of_conduct\lvmh\candidates\candidate_003_score_100_0.pdf,C:\Users\hp\Desktop\ESG\CorporatePolicyRetriever\data\dossier_ingestion_0\corporate_policies\code_of_conduct\lvmh\candidates\candidate_003_manifest.json,1.605,100.0,auto_download
exact_dup_0040,cc0cd029bc515475dbbdd4efffb54c7f0cc5ccb96649d71034081e5eba02395a,2,"[""LVMH""]","[""corporate_policy""]","[""CorporatePolicyRetriever""]",75b24f3776edff0e07538086,CorporatePolicyRetriever,corporate_policy,LVMH,lvmh,2024,下载,https://lvmh-com.cdn.prismic.io/lvmh-com/ZnBUypm069VX10Bv_lvmh_codeofconduct_arabic.pdf,C:\Users\hp\Desktop\ESG\CorporatePolicyRetriever\data\dossier_ingestion_0\corporate_policies\code_of_conduct\lvmh\candidates\candidate_029_score_100_0.pdf,C:\Users\hp\Desktop\ESG\CorporatePolicyRetriever\data\dossier_ingestion_0\corporate_policies\code_of_conduct\lvmh\candidates\candidate_029_manifest.json,1.605,100.0,auto_download
exact_dup_0041,ce91d3720450444782b07d4b490341b341e03119fa2229a064ca470181a94a55,3,"[""LVMH"", ""Schneider Electric"", ""TotalEnergies""]","[""sbti_commitment""]","[""SBTiRetriever""]",7e3861965cde07fc64276a0e,SBTiRetriever,sbti_commitment,LVMH,lvmh,2024,Getting Started Guide,https://sciencebasedtargets.org/resources/files/Getting-Started-Guide.pdf,C:\Users\hp\Desktop\ESG\SBTiRetriever\data\dossier_ingestion_0\sbti_commitments\lvmh\2024\candidates\candidate_009_score_95_0.pdf,C:\Users\hp\Desktop\ESG\SBTiRetriever\data\dossier_ingestion_0\sbti_commitments\lvmh\2024\candidates\candidate_009_manifest.json,0.8788,95.0,auto_download
exact_dup_0041,ce91d3720450444782b07d4b490341b341e03119fa2229a064ca470181a94a55,3,"[""LVMH"", ""Schneider Electric"", ""TotalEnergies""]","[""sbti_commitment""]","[""SBTiRetriever""]",7bc2bc18254cc429f8df08f0,SBTiRetriever,sbti_commitment,Schneider Electric,schneider-electric,2024,Getting Started Guide,https://sciencebasedtargets.org/resources/files/Getting-Started-Guide.pdf,C:\Users\hp\Desktop\ESG\SBTiRetriever\data\dossier_ingestion_0\sbti_commitments\schneider-electric\2024\candidates\candidate_012_score_95_0.pdf,C:\Users\hp\Desktop\ESG\SBTiRetriever\data\dossier_ingestion_0\sbti_commitments\schneider-electric\2024\candidates\candidate_012_manifest.json,0.8788,95.0,auto_download
exact_dup_0041,ce91d3720450444782b07d4b490341b341e03119fa2229a064ca470181a94a55,3,"[""LVMH"", ""Schneider Electric"", ""TotalEnergies""]","[""sbti_commitment""]","[""SBTiRetriever""]",39ea398a86b9603bf805d2f9,SBTiRetriever,sbti_commitment,TotalEnergies,totalenergies,2024,Getting Started Guide,https://sciencebasedtargets.org/resources/files/Getting-Started-Guide.pdf,C:\Users\hp\Desktop\ESG\SBTiRetriever\data\dossier_ingestion_0\sbti_commitments\totalenergies\2024\candidates\candidate_009_score_95_0.pdf,C:\Users\hp\Desktop\ESG\SBTiRetriever\data\dossier_ingestion_0\sbti_commitments\totalenergies\2024\candidates\candidate_009_manifest.json,0.8788,95.0,auto_download
exact_dup_0042,d7a00ea0de641481d93704cc0863f9a184c523ac7aab53459fd91696745050b6,3,"[""LVMH"", ""Schneider Electric"", ""TotalEnergies""]","[""sbti_commitment""]","[""SBTiRetriever""]",53f6f3c71e13cb66622c75f9,SBTiRetriever,sbti_commitment,LVMH,lvmh,2024,Raising the Bar: An SBTi report on accelerating corporate adoption of BVCM,https://sciencebasedtargets.org/resources/files/Raising-the-Bar-Report-on-BVCM.pdf,C:\Users\hp\Desktop\ESG\SBTiRetriever\data\dossier_ingestion_0\sbti_commitments\lvmh\2024\candidates\candidate_011_score_95_0.pdf,C:\Users\hp\Desktop\ESG\SBTiRetriever\data\dossier_ingestion_0\sbti_commitments\lvmh\2024\candidates\candidate_011_manifest.json,4.6932,95.0,auto_download
exact_dup_0042,d7a00ea0de641481d93704cc0863f9a184c523ac7aab53459fd91696745050b6,3,"[""LVMH"", ""Schneider Electric"", ""TotalEnergies""]","[""sbti_commitment""]","[""SBTiRetriever""]",4467aaf5a08f8b9b00460759,SBTiRetriever,sbti_commitment,Schneider Electric,schneider-electric,2024,Raising the Bar: An SBTi report on accelerating corporate adoption of BVCM,https://sciencebasedtargets.org/resources/files/Raising-the-Bar-Report-on-BVCM.pdf,C:\Users\hp\Desktop\ESG\SBTiRetriever\data\dossier_ingestion_0\sbti_commitments\schneider-electric\2024\candidates\candidate_014_score_95_0.pdf,C:\Users\hp\Desktop\ESG\SBTiRetriever\data\dossier_ingestion_0\sbti_commitments\schneider-electric\2024\candidates\candidate_014_manifest.json,4.6932,95.0,auto_download
exact_dup_0042,d7a00ea0de641481d93704cc0863f9a184c523ac7aab53459fd91696745050b6,3,"[""LVMH"", ""Schneider Electric"", ""TotalEnergies""]","[""sbti_commitment""]","[""SBTiRetriever""]",ec177f9400985a7d1449f804,SBTiRetriever,sbti_commitment,TotalEnergies,totalenergies,2024,Raising the Bar: An SBTi report on accelerating corporate adoption of BVCM,https://sciencebasedtargets.org/resources/files/Raising-the-Bar-Report-on-BVCM.pdf,C:\Users\hp\Desktop\ESG\SBTiRetriever\data\dossier_ingestion_0\sbti_commitments\totalenergies\2024\candidates\candidate_011_score_95_0.pdf,C:\Users\hp\Desktop\ESG\SBTiRetriever\data\dossier_ingestion_0\sbti_commitments\totalenergies\2024\candidates\candidate_011_manifest.json,4.6932,95.0,auto_download
exact_dup_0043,d8135fcc2fb6614634c916dd5b419677d0a9bcc16d3b1142d65338f50c84ea2d,2,"[""TotalEnergies""]","[""agm_document"", ""remuneration_report""]","[""AGMRetriever"", ""RemunerationReportRetriever""]",a3659f8a8008c1116417f911,AGMRetriever,agm_document,TotalEnergies,totalenergies,2024,AG 2024 Résultats des votes par résolution - VF - TotalEnergies,https://totalenergies.com/sites/g/files/nytnzq121/files/documents/2024-05/AG2024_Resultats-des-votes-par-resolution_FR_PDF.pdf,C:\Users\hp\Desktop\ESG\AGMRetriever\data\dossier_ingestion_0\agm_documents\totalenergies\2024\candidates\candidate_004_score_98_0.pdf,C:\Users\hp\Desktop\ESG\AGMRetriever\data\dossier_ingestion_0\agm_documents\totalenergies\2024\candidates\candidate_004_manifest.json,0.1999,98.0,auto_download
exact_dup_0043,d8135fcc2fb6614634c916dd5b419677d0a9bcc16d3b1142d65338f50c84ea2d,2,"[""TotalEnergies""]","[""agm_document"", ""remuneration_report""]","[""AGMRetriever"", ""RemunerationReportRetriever""]",39aa9a6281e6c27b91fcce5c,RemunerationReportRetriever,remuneration_report,TotalEnergies,totalenergies,2024,[PDF] AG 2024 Résultats des votes par résolution - Total Energies,https://totalenergies.com/sites/g/files/nytnzq121/files/documents/2024-05/AG2024_Resultats-des-votes-par-resolution_FR_PDF.pdf,C:\Users\hp\Desktop\ESG\RemunerationReportRetriever\data\dossier_ingestion_0\remuneration_reports\totalenergies\2024\candidates\candidate_003_score_100_0.pdf,C:\Users\hp\Desktop\ESG\RemunerationReportRetriever\data\dossier_ingestion_0\remuneration_reports\totalenergies\2024\candidates\candidate_003_manifest.json,0.1999,100.0,auto_download
exact_dup_0044,db86f699776ee068551a1ee263dafdc1943a869b983fa7e8120238504cdb8a02,2,"[""Schneider Electric""]","[""vigilance_plan""]","[""VigilancePlanRetriever""]",fed04beb785ef8e458309f0b,VigilancePlanRetriever,vigilance_plan,Schneider Electric,schneider-electric,2024,Plan de vigilance 2023,https://www.SE.com/ww/fr/assets/342/document/466150/plan-de-vigilance-2023.pdf,C:\Users\hp\Desktop\ESG\VigilancePlanRetriever\data\dossier_ingestion_0\vigilance_plans\schneider-electric\2024\candidates\candidate_001_score_100_0.pdf,C:\Users\hp\Desktop\ESG\VigilancePlanRetriever\data\dossier_ingestion_0\vigilance_plans\schneider-electric\2024\candidates\candidate_001_manifest.json,3.3289,100.0,auto_download
exact_dup_0044,db86f699776ee068551a1ee263dafdc1943a869b983fa7e8120238504cdb8a02,2,"[""Schneider Electric""]","[""vigilance_plan""]","[""VigilancePlanRetriever""]",01ded9182203906c0dee77f6,VigilancePlanRetriever,vigilance_plan,Schneider Electric,schneider-electric,2024,PDF Plan de vigilance 2023 - Schneider Electric Global,https://www.se.com/ww/fr/assets/342/document/466150/plan-de-vigilance-2023.pdf?p_enDocType=Duty+of+Vigilance+plan&p_File_Name=Schneider+Vigilance+Plan+2023,C:\Users\hp\Desktop\ESG\VigilancePlanRetriever\data\dossier_ingestion_0\vigilance_plans\schneider-electric\2024\candidates\candidate_002_score_85_0.pdf,C:\Users\hp\Desktop\ESG\VigilancePlanRetriever\data\dossier_ingestion_0\vigilance_plans\schneider-electric\2024\candidates\candidate_002_manifest.json,3.3289,85.0,auto_download
exact_dup_0045,e587fc8f00f85c7a16c98fc231918507e0e77beaeaa6979e35e9af09f2261533,2,"[""LVMH"", ""Schneider Electric""]","[""corporate_policy""]","[""CorporatePolicyRetriever""]",1905aadfad85d9f17a526223,CorporatePolicyRetriever,corporate_policy,LVMH,lvmh,2024,Politique anticorruption,https://ab-inbev.eu/wp-content/uploads/2022/02/ABInBev-FR-Politique-anticorruption-des-fournisseurs-2019.pdf,C:\Users\hp\Desktop\ESG\CorporatePolicyRetriever\data\dossier_ingestion_0\corporate_policies\anticorruption\lvmh\candidates\candidate_001_score_80_0.pdf,C:\Users\hp\Desktop\ESG\CorporatePolicyRetriever\data\dossier_ingestion_0\corporate_policies\anticorruption\lvmh\candidates\candidate_001_manifest.json,0.3323,80.0,auto_download
exact_dup_0045,e587fc8f00f85c7a16c98fc231918507e0e77beaeaa6979e35e9af09f2261533,2,"[""LVMH"", ""Schneider Electric""]","[""corporate_policy""]","[""CorporatePolicyRetriever""]",db8de61dad4deee233882f5e,CorporatePolicyRetriever,corporate_policy,Schneider Electric,schneider-electric,2024,Politique anticorruption,https://ab-inbev.eu/wp-content/uploads/2022/02/ABInBev-FR-Politique-anticorruption-des-fournisseurs-2019.pdf,C:\Users\hp\Desktop\ESG\CorporatePolicyRetriever\data\dossier_ingestion_0\corporate_policies\anticorruption\schneider-electric\candidates\candidate_003_score_80_0.pdf,C:\Users\hp\Desktop\ESG\CorporatePolicyRetriever\data\dossier_ingestion_0\corporate_policies\anticorruption\schneider-electric\candidates\candidate_003_manifest.json,0.3323,80.0,auto_download
exact_dup_0046,e821aee202d2c259db861cd67c4a3384a85c9c41fff5040378a95bf65c831763,2,"[""Schneider Electric""]","[""sustainability_report""]","[""SustainabilityReportRetriever""]",cc973cfa33ac453a690952ff,SustainabilityReportRetriever,sustainability_report,Schneider Electric,schneider-electric,2024,[PDF] Rapport Développement Durable 2024 - Schneider Electric,https://www.se.com/ww/fr/assets/342/document/513141/rapport-developpement-durable-2024.pdf?p_enDocType=EDMS&p_File_Name=Rapport+D%C3%A9veloppement+Durable+2024,C:\Users\hp\Desktop\ESG\SustainabilityReportRetriever\data\dossier_ingestion_0\sustainability_reports\schneider-electric\2024\candidates\candidate_002_score_100_0.pdf,C:\Users\hp\Desktop\ESG\SustainabilityReportRetriever\data\dossier_ingestion_0\sustainability_reports\schneider-electric\2024\candidates\candidate_002_manifest.json,20.3544,100.0,auto_download
exact_dup_0046,e821aee202d2c259db861cd67c4a3384a85c9c41fff5040378a95bf65c831763,2,"[""Schneider Electric""]","[""sustainability_report""]","[""SustainabilityReportRetriever""]",78dbed39cf972e4d6b23735d,SustainabilityReportRetriever,sustainability_report,Schneider Electric,schneider-electric,2024,[PDF] Rapport Développement Durable 2024 - Schneider Electric,https://www.se.com/ww/fr/assets/342/document/513141/rapport-developpement-durable-2024.pdf?p_enDocType=EDMS&p_File_Name=Rapport+D%C3%A9veloppement+Durable+2024,C:\Users\hp\Desktop\ESG\SustainabilityReportRetriever\data\dossier_ingestion_0\sustainability_reports\schneider-electric\2024\candidates\candidate_004_score_100_0.pdf,C:\Users\hp\Desktop\ESG\SustainabilityReportRetriever\data\dossier_ingestion_0\sustainability_reports\schneider-electric\2024\candidates\candidate_004_manifest.json,20.3544,100.0,auto_download
exact_dup_0047,f1122487b81978221c7f865fc1524b1fe1ae654072113ecbd93bcd82b7cad69b,2,"[""LVMH""]","[""agm_document""]","[""AGMRetriever""]",aead64b02868cd3440a7ee79,AGMRetriever,agm_document,LVMH,lvmh,2024,Communiqué de mise à disposition du Document d’enregistrement universel 2024,https://lvmh-com.cdn.prismic.io/lvmh-com/Z-PdQHdAxsiBv60m_Mise%C3%A0dispositionduDocumentd%27enregistrementuniversel2024.pdf,C:\Users\hp\Desktop\ESG\AGMRetriever\data\dossier_ingestion_0\agm_documents\lvmh\2024\candidates\candidate_018_score_83_0.pdf,C:\Users\hp\Desktop\ESG\AGMRetriever\data\dossier_ingestion_0\agm_documents\lvmh\2024\candidates\candidate_018_manifest.json,0.1305,83.0,auto_download
exact_dup_0047,f1122487b81978221c7f865fc1524b1fe1ae654072113ecbd93bcd82b7cad69b,2,"[""LVMH""]","[""agm_document""]","[""AGMRetriever""]",fd32c28b95e83c94b259163c,AGMRetriever,agm_document,LVMH,lvmh,2024,Communiqué de mise à disposition du Document d’enregistrement universel 2024,https://lvmh-com.cdn.prismic.io/lvmh-com/Z-PdQHdAxsiBv60m_Mise%C3%A0dispositionduDocumentd%27enregistrementuniversel2024.pdf,C:\Users\hp\Desktop\ESG\AGMRetriever\data\dossier_ingestion_0\agm_documents\lvmh\2024\candidates\candidate_051_score_83_0.pdf,C:\Users\hp\Desktop\ESG\AGMRetriever\data\dossier_ingestion_0\agm_documents\lvmh\2024\candidates\candidate_051_manifest.json,0.1305,83.0,auto_download
exact_dup_0048,f48e5bde5bcb4ea6fbb7433569758ec0c32220e203172bab4ef59830653d562f,2,"[""LVMH"", ""Schneider Electric""]","[""earnings_call""]","[""EarningsCallRetriever""]",8884e44a3ba7dc0ee5e647f2,EarningsCallRetriever,earnings_call,LVMH,lvmh,2024,AIME Terms of Use,https://cdn.ainvest.com/agreement/AIME-Terms-of-Use.pdf,C:\Users\hp\Desktop\ESG\EarningsCallRetriever\data\dossier_ingestion_0\earnings_calls\lvmh\2024\candidates\candidate_003_score_90_0.pdf,C:\Users\hp\Desktop\ESG\EarningsCallRetriever\data\dossier_ingestion_0\earnings_calls\lvmh\2024\candidates\candidate_003_manifest.json,0.1135,90.0,auto_download
exact_dup_0048,f48e5bde5bcb4ea6fbb7433569758ec0c32220e203172bab4ef59830653d562f,2,"[""LVMH"", ""Schneider Electric""]","[""earnings_call""]","[""EarningsCallRetriever""]",0c15da21b9ce1b0a78182b12,EarningsCallRetriever,earnings_call,Schneider Electric,schneider-electric,2024,AIME Terms of Use,https://cdn.ainvest.com/agreement/AIME-Terms-of-Use.pdf,C:\Users\hp\Desktop\ESG\EarningsCallRetriever\data\dossier_ingestion_0\earnings_calls\schneider-electric\2024\candidates\candidate_003_score_90_0.pdf,C:\Users\hp\Desktop\ESG\EarningsCallRetriever\data\dossier_ingestion_0\earnings_calls\schneider-electric\2024\candidates\candidate_003_manifest.json,0.1135,90.0,auto_download
