company_name,company_slug,fiscal_year,official_doc_type,canonical_document_id,sha256,source_title,source_path,rejection_status,rejection_reason
LVMH,lvmh,2024,01_urd_annual_report,canonical_558da100622aa85dff194efe,344e51fa8b0fce588abb1fe44dba4eda378a840f9377c7b5a7b17cbfd33bef26,,C:\Users\hp\Desktop\ESG\ESGCorpusTaxonomy\lvmh\2024\01_urd_annual_report\canonical-558da100622aa85dff194efe\document.pdf,redundant_same_doc_type,higher_ranked_document_selected_for_same_official_doc_type
LVMH,lvmh,2024,02_sustainability_statement_csrd_esrs,canonical_954844900cd35090c1570872,2827d430de5f8b1cc0e7deb6c9d193b225b8a45a34fcff1367c9022ff6c6cf07,,C:\Users\hp\Desktop\ESG\ESGCorpusTaxonomy\lvmh\2024\02_sustainability_statement_csrd_esrs\canonical-954844900cd35090c1570872\document.pdf,redundant_same_doc_type,higher_ranked_document_selected_for_same_official_doc_type
LVMH,lvmh,2024,02_sustainability_statement_csrd_esrs,canonical_3c6b05612884dba267bf6805,cb4f46a0de5e59d280ed6ce687ecc690a6dd8a1cda47d95767f080d72887ca42,,C:\Users\hp\Desktop\ESG\ESGCorpusTaxonomy\lvmh\2024\02_sustainability_statement_csrd_esrs\canonical-3c6b05612884dba267bf6805\document.pdf,redundant_same_doc_type,higher_ranked_document_selected_for_same_official_doc_type
LVMH,lvmh,2024,03_climate_report_tcfd_transition_plan,canonical_86ce4322e842d7d005753ab0,9cc1d783418da963215e66d87a39d2cd01cecdf6715a908aab839e14955a5d01,,C:\Users\hp\Desktop\ESG\ESGCorpusTaxonomy\lvmh\2024\03_climate_report_tcfd_transition_plan\canonical-86ce4322e842d7d005753ab0\document.pdf,redundant_same_doc_type,higher_ranked_document_selected_for_same_official_doc_type
LVMH,lvmh,2024,03_climate_report_tcfd_transition_plan,canonical_3c6b05612884dba267bf6805,cb4f46a0de5e59d280ed6ce687ecc690a6dd8a1cda47d95767f080d72887ca42,,C:\Users\hp\Desktop\ESG\ESGCorpusTaxonomy\lvmh\2024\03_climate_report_tcfd_transition_plan\canonical-3c6b05612884dba267bf6805\document.pdf,redundant_same_doc_type,higher_ranked_document_selected_for_same_official_doc_type
LVMH,lvmh,2024,08_anticorruption_policy,canonical_1b67f2ca80b1866a46070332,957a082a37541b30edfd7c3a3af4341aa2acf1ba5a4dacc14645f573cb71e4b5,,C:\Users\hp\Desktop\ESG\ESGCorpusTaxonomy\lvmh\2024\08_anticorruption_policy\canonical-1b67f2ca80b1866a46070332\document.pdf,likely_wrong_company,alternative_exists_for_same_official_doc_type
LVMH,lvmh,2024,11_environmental_policy,canonical_d1b000a51778316aa96a4b11,f75e77db6fe9af4b06a4faf0c31807bc95bf84f55afc964c642c2cea2ee54029,,C:\Users\hp\Desktop\ESG\ESGCorpusTaxonomy\lvmh\2024\11_environmental_policy\canonical-d1b000a51778316aa96a4b11\document.pdf,likely_wrong_company,alternative_exists_for_same_official_doc_type
LVMH,lvmh,2024,14_earnings_call_transcripts,canonical_4063461f2cd06a72101fc595,9c5c4949b391f334bb5fa48e37f255512d61ccf6308de9b56c1545b4f6cfa3e2,,C:\Users\hp\Desktop\ESG\ESGCorpusTaxonomy\lvmh\2024\14_earnings_call_transcripts\canonical-4063461f2cd06a72101fc595\document.pdf,likely_wrong_company,alternative_exists_for_same_official_doc_type
LVMH,lvmh,2024,14_earnings_call_transcripts,canonical_c474caefac471ff03ba06d4e,f48e5bde5bcb4ea6fbb7433569758ec0c32220e203172bab4ef59830653d562f,,C:\Users\hp\Desktop\ESG\ESGCorpusTaxonomy\lvmh\2024\14_earnings_call_transcripts\canonical-c474caefac471ff03ba06d4e\document.pdf,likely_wrong_company,alternative_exists_for_same_official_doc_type
LVMH,lvmh,2024,14_earnings_call_transcripts,canonical_551bb11344fdbfae0295f5a5,6b81b26a669c2109aa078cf19b65e68f2c1c036477977ae79e1d8635adac50c3,,C:\Users\hp\Desktop\ESG\ESGCorpusTaxonomy\lvmh\2024\14_earnings_call_transcripts\canonical-551bb11344fdbfae0295f5a5\document.pdf,likely_wrong_company,alternative_exists_for_same_official_doc_type
LVMH,lvmh,2024,14_earnings_call_transcripts,canonical_1b7e58cb5374e316a46e4743,8c0adf253981086eac041a56a8aed211b460d104940e5add6f1138be763b1275,,C:\Users\hp\Desktop\ESG\ESGCorpusTaxonomy\lvmh\2024\14_earnings_call_transcripts\canonical-1b7e58cb5374e316a46e4743\document.pdf,likely_wrong_company,alternative_exists_for_same_official_doc_type
LVMH,lvmh,2024,16_agm_minutes_resolutions,canonical_97e2650c47e0819c57f151d3,58195ccf2c7899cad88e9cebee0aa0bc5fd46c45be0dfddf2f0057bc787d00f9,,C:\Users\hp\Desktop\ESG\ESGCorpusTaxonomy\lvmh\2024\16_agm_minutes_resolutions\canonical-97e2650c47e0819c57f151d3\document.pdf,likely_wrong_company,alternative_exists_for_same_official_doc_type
LVMH,lvmh,2024,16_agm_minutes_resolutions,canonical_0b7e2b2ac3cd0a041d6bf9f5,ee37cb805d367bbb863e68b96edc9285f5a44b55e4aed457b8b4ede37a869dbe,,C:\Users\hp\Desktop\ESG\ESGCorpusTaxonomy\lvmh\2024\16_agm_minutes_resolutions\canonical-0b7e2b2ac3cd0a041d6bf9f5\document.pdf,likely_wrong_company,alternative_exists_for_same_official_doc_type
LVMH,lvmh,2024,16_agm_minutes_resolutions,canonical_9e6de564f8d59b46c8309631,76e1374cf94a93c56d0db366908721488e38a576d0c577d6ed7caca5bba14714,,C:\Users\hp\Desktop\ESG\ESGCorpusTaxonomy\lvmh\2024\16_agm_minutes_resolutions\canonical-9e6de564f8d59b46c8309631\document.pdf,redundant_same_doc_type,higher_ranked_document_selected_for_same_official_doc_type
LVMH,lvmh,2024,16_agm_minutes_resolutions,canonical_12b7ce1d94ea1637163f5d06,4c4fc3e26dff7c680f400552b4cf2a04bea6efd740efb4e9bddcde3b39581e76,,C:\Users\hp\Desktop\ESG\ESGCorpusTaxonomy\lvmh\2024\16_agm_minutes_resolutions\canonical-12b7ce1d94ea1637163f5d06\document.pdf,redundant_same_doc_type,higher_ranked_document_selected_for_same_official_doc_type
LVMH,lvmh,2024,16_agm_minutes_resolutions,canonical_f59cc54a704ec030587b5e8a,60686f4d093955808a22a015e58e1937da8a594c0a1c3a1761462ac7fe376f05,,C:\Users\hp\Desktop\ESG\ESGCorpusTaxonomy\lvmh\2024\16_agm_minutes_resolutions\canonical-f59cc54a704ec030587b5e8a\document.pdf,redundant_same_doc_type,higher_ranked_document_selected_for_same_official_doc_type
LVMH,lvmh,2024,16_agm_minutes_resolutions,canonical_1ff0cb03d3348ce37c13f816,dd5e344bbc9e56ebbcadfb4198aec145f382f37a02257862e69f6e22297c4fff,,C:\Users\hp\Desktop\ESG\ESGCorpusTaxonomy\lvmh\2024\16_agm_minutes_resolutions\canonical-1ff0cb03d3348ce37c13f816\document.pdf,redundant_same_doc_type,higher_ranked_document_selected_for_same_official_doc_type
LVMH,lvmh,2024,16_agm_minutes_resolutions,canonical_70030ed9076c47c252a34766,211e11ee38f4f48237e948220f33d99f9d81cf27c8d8a277049328a84d922901,,C:\Users\hp\Desktop\ESG\ESGCorpusTaxonomy\lvmh\2024\16_agm_minutes_resolutions\canonical-70030ed9076c47c252a34766\document.pdf,redundant_same_doc_type,higher_ranked_document_selected_for_same_official_doc_type
LVMH,lvmh,2024,16_agm_minutes_resolutions,canonical_a25afab0df5d3b91b0d5a36b,2283b30b264346c33569ba5a425967a4700e7798e9b265ee2964c22c7e2eee6c,,C:\Users\hp\Desktop\ESG\ESGCorpusTaxonomy\lvmh\2024\16_agm_minutes_resolutions\canonical-a25afab0df5d3b91b0d5a36b\document.pdf,redundant_same_doc_type,higher_ranked_document_selected_for_same_official_doc_type
LVMH,lvmh,2024,16_agm_minutes_resolutions,canonical_1f77243bf5ceb497fc2e3ce8,1142a92a3b42efeffb6be2c8177c92845be1958c6aea2c065822cd65eb2358c4,,C:\Users\hp\Desktop\ESG\ESGCorpusTaxonomy\lvmh\2024\16_agm_minutes_resolutions\canonical-1f77243bf5ceb497fc2e3ce8\document.pdf,redundant_same_doc_type,higher_ranked_document_selected_for_same_official_doc_type
LVMH,lvmh,2024,16_agm_minutes_resolutions,canonical_0bc68f6c0041ee2f11ab4494,ae843812535e70b5e5802c45fda49fc18e8cfb5bb6fd1d391a0002dcd974b8c7,,C:\Users\hp\Desktop\ESG\ESGCorpusTaxonomy\lvmh\2024\16_agm_minutes_resolutions\canonical-0bc68f6c0041ee2f11ab4494\document.pdf,redundant_same_doc_type,higher_ranked_document_selected_for_same_official_doc_type
LVMH,lvmh,2024,16_agm_minutes_resolutions,canonical_54c471640d0e79f5536b8c05,901b24689be5ea3ce8b938d825e1b557905223ff7d2fa873c2a42fe00dad2f1e,,C:\Users\hp\Desktop\ESG\ESGCorpusTaxonomy\lvmh\2024\16_agm_minutes_resolutions\canonical-54c471640d0e79f5536b8c05\document.pdf,redundant_same_doc_type,higher_ranked_document_selected_for_same_official_doc_type
LVMH,lvmh,2024,16_agm_minutes_resolutions,canonical_fa26c20290ad231f7b861848,131b5cb67ac57064003566934c1b3e3cb594d81cb6e284a726356eda547f24d2,,C:\Users\hp\Desktop\ESG\ESGCorpusTaxonomy\lvmh\2024\16_agm_minutes_resolutions\canonical-fa26c20290ad231f7b861848\document.pdf,redundant_same_doc_type,higher_ranked_document_selected_for_same_official_doc_type
LVMH,lvmh,2024,16_agm_minutes_resolutions,canonical_d22c8be0012c665f95c0e9d8,2fbbff4b4bee00369a9069969525d2f2847e2ab36cbd0fa71f4bcc682ee28de2,,C:\Users\hp\Desktop\ESG\ESGCorpusTaxonomy\lvmh\2024\16_agm_minutes_resolutions\canonical-d22c8be0012c665f95c0e9d8\document.pdf,redundant_same_doc_type,higher_ranked_document_selected_for_same_official_doc_type
LVMH,lvmh,2024,16_agm_minutes_resolutions,canonical_2d6a2fa5ade81900e7c51308,428b8ca97da43ef9e3a64705d516adad84595840b36411d67dd5526e5b0ef295,,C:\Users\hp\Desktop\ESG\ESGCorpusTaxonomy\lvmh\2024\16_agm_minutes_resolutions\canonical-2d6a2fa5ade81900e7c51308\document.pdf,redundant_same_doc_type,higher_ranked_document_selected_for_same_official_doc_type
LVMH,lvmh,2024,16_agm_minutes_resolutions,canonical_84c6ee4f4c6b8dff4331d8bd,bafa52260427ac4d23bf9113c65e8036e4cb3e2d7751b134931602dab9077a65,,C:\Users\hp\Desktop\ESG\ESGCorpusTaxonomy\lvmh\2024\16_agm_minutes_resolutions\canonical-84c6ee4f4c6b8dff4331d8bd\document.pdf,redundant_same_doc_type,higher_ranked_document_selected_for_same_official_doc_type
LVMH,lvmh,2024,16_agm_minutes_resolutions,canonical_487d6f4c7e78994b1baeee15,0e1fad746c06f32c697627f6dfbdcee2fb198a0ef95eb58520a569e9ff85fd42,,C:\Users\hp\Desktop\ESG\ESGCorpusTaxonomy\lvmh\2024\16_agm_minutes_resolutions\canonical-487d6f4c7e78994b1baeee15\document.pdf,redundant_same_doc_type,higher_ranked_document_selected_for_same_official_doc_type
LVMH,lvmh,2024,16_agm_minutes_resolutions,canonical_cc8fc56e401c99f9c8554234,91ea15aaa3408f434ce7402805abc7805c41f853058fa12f62655dcee6eb25b6,,C:\Users\hp\Desktop\ESG\ESGCorpusTaxonomy\lvmh\2024\16_agm_minutes_resolutions\canonical-cc8fc56e401c99f9c8554234\document.pdf,redundant_same_doc_type,higher_ranked_document_selected_for_same_official_doc_type
LVMH,lvmh,2024,16_agm_minutes_resolutions,canonical_c363a9ce574cab881acddfd8,c461f7adf4692fb3d5aea688facd6735ebb05ba53307a2115a0d302493afcd81,,C:\Users\hp\Desktop\ESG\ESGCorpusTaxonomy\lvmh\2024\16_agm_minutes_resolutions\canonical-c363a9ce574cab881acddfd8\document.pdf,redundant_same_doc_type,higher_ranked_document_selected_for_same_official_doc_type
LVMH,lvmh,2024,16_agm_minutes_resolutions,canonical_ea846efe0c435730a8bf5c95,75efc85a5a4cd8d0d10f81fb6a38ffe383268d088ef9e86c5a55a6b45229a375,,C:\Users\hp\Desktop\ESG\ESGCorpusTaxonomy\lvmh\2024\16_agm_minutes_resolutions\canonical-ea846efe0c435730a8bf5c95\document.pdf,redundant_same_doc_type,higher_ranked_document_selected_for_same_official_doc_type
LVMH,lvmh,2024,16_agm_minutes_resolutions,canonical_64b1d93e29e1379ad3ce3a72,5b072cdfc3ce360a14877142f2066d5b133be79ad6309921044b2f5936f8b16f,,C:\Users\hp\Desktop\ESG\ESGCorpusTaxonomy\lvmh\2024\16_agm_minutes_resolutions\canonical-64b1d93e29e1379ad3ce3a72\document.pdf,redundant_same_doc_type,higher_ranked_document_selected_for_same_official_doc_type
LVMH,lvmh,2024,16_agm_minutes_resolutions,canonical_805f2f0f2264a378e5a9b20e,9b9e14d619787cfb6819aebe7ad76f4c7631328e6339d435be805ad23aece33f,,C:\Users\hp\Desktop\ESG\ESGCorpusTaxonomy\lvmh\2024\16_agm_minutes_resolutions\canonical-805f2f0f2264a378e5a9b20e\document.pdf,redundant_same_doc_type,higher_ranked_document_selected_for_same_official_doc_type
LVMH,lvmh,2024,16_agm_minutes_resolutions,canonical_91572e4b6ad4cbe9ceb34d8f,d16d98b86024d6d545217f60b163eecfd597f434cd0531106f4324a6f9838719,,C:\Users\hp\Desktop\ESG\ESGCorpusTaxonomy\lvmh\2024\16_agm_minutes_resolutions\canonical-91572e4b6ad4cbe9ceb34d8f\document.pdf,redundant_same_doc_type,higher_ranked_document_selected_for_same_official_doc_type
LVMH,lvmh,2024,16_agm_minutes_resolutions,canonical_f12b0c63b76fc137f15f857c,f1122487b81978221c7f865fc1524b1fe1ae654072113ecbd93bcd82b7cad69b,,C:\Users\hp\Desktop\ESG\ESGCorpusTaxonomy\lvmh\2024\16_agm_minutes_resolutions\canonical-f12b0c63b76fc137f15f857c\document.pdf,redundant_same_doc_type,higher_ranked_document_selected_for_same_official_doc_type
LVMH,lvmh,2024,16_agm_minutes_resolutions,canonical_47de06f925af68fdcacbbe19,463f616eab04d3e3a1ac1e9d5fbb3a1d52e3a32ae84df916dad56352ab3e8b44,,C:\Users\hp\Desktop\ESG\ESGCorpusTaxonomy\lvmh\2024\16_agm_minutes_resolutions\canonical-47de06f925af68fdcacbbe19\document.pdf,redundant_same_doc_type,higher_ranked_document_selected_for_same_official_doc_type
LVMH,lvmh,2024,16_agm_minutes_resolutions,canonical_fb8559b8a5c33278de21d853,ce7c5229952f0955a61d029885fe2f7164382bc20a9be4398ae7aa2ef2f14b98,,C:\Users\hp\Desktop\ESG\ESGCorpusTaxonomy\lvmh\2024\16_agm_minutes_resolutions\canonical-fb8559b8a5c33278de21d853\document.pdf,redundant_same_doc_type,higher_ranked_document_selected_for_same_official_doc_type
LVMH,lvmh,2024,16_agm_minutes_resolutions,canonical_7505bbd1fbec797993658dbf,c43dfaa904aa17a97bbf775898167643c7f2d505bab3d14f46415365127cdd54,,C:\Users\hp\Desktop\ESG\ESGCorpusTaxonomy\lvmh\2024\16_agm_minutes_resolutions\canonical-7505bbd1fbec797993658dbf\document.pdf,redundant_same_doc_type,higher_ranked_document_selected_for_same_official_doc_type
LVMH,lvmh,2024,16_agm_minutes_resolutions,canonical_9f7f59c442b8cfd52b361942,88cfbc49059818f657e92baf606444b702c639af066632748ac98acb3e4d1df5,,C:\Users\hp\Desktop\ESG\ESGCorpusTaxonomy\lvmh\2024\16_agm_minutes_resolutions\canonical-9f7f59c442b8cfd52b361942\document.pdf,redundant_same_doc_type,higher_ranked_document_selected_for_same_official_doc_type
LVMH,lvmh,2024,16_agm_minutes_resolutions,canonical_c80b26aca2e65a64ec1e9908,75d86fd7e15768db053bd7f048939e322abcc2a5ef573a188196eaa9794bdebe,,C:\Users\hp\Desktop\ESG\ESGCorpusTaxonomy\lvmh\2024\16_agm_minutes_resolutions\canonical-c80b26aca2e65a64ec1e9908\document.pdf,redundant_same_doc_type,higher_ranked_document_selected_for_same_official_doc_type
LVMH,lvmh,2024,16_agm_minutes_resolutions,canonical_3df87fe1b73934d06669d7e1,f0df09debf8a94c994b1986a14fea43a6850c013abdbdca925a5bcbd032fdcda,,C:\Users\hp\Desktop\ESG\ESGCorpusTaxonomy\lvmh\2024\16_agm_minutes_resolutions\canonical-3df87fe1b73934d06669d7e1\document.pdf,redundant_same_doc_type,higher_ranked_document_selected_for_same_official_doc_type
LVMH,lvmh,2024,16_agm_minutes_resolutions,canonical_9fe942382d9c7b977859a847,9030f042798f02536a2e288268dff0af1da30f0ac14e0482a1046be7ec85a7f4,,C:\Users\hp\Desktop\ESG\ESGCorpusTaxonomy\lvmh\2024\16_agm_minutes_resolutions\canonical-9fe942382d9c7b977859a847\document.pdf,redundant_same_doc_type,higher_ranked_document_selected_for_same_official_doc_type
LVMH,lvmh,2024,16_agm_minutes_resolutions,canonical_14effcdd797859325af5031b,a3cfa122246d008c6742d664c2671f9d3252dfee3ffe76a05b7188b05bb2beda,,C:\Users\hp\Desktop\ESG\ESGCorpusTaxonomy\lvmh\2024\16_agm_minutes_resolutions\canonical-14effcdd797859325af5031b\document.pdf,redundant_same_doc_type,higher_ranked_document_selected_for_same_official_doc_type
LVMH,lvmh,2024,16_agm_minutes_resolutions,canonical_540541c1e84290ac1fafda68,116aaaa46d983f8317ff3094f584903ae4527ceb19948ffcbb003458c6c41d85,,C:\Users\hp\Desktop\ESG\ESGCorpusTaxonomy\lvmh\2024\16_agm_minutes_resolutions\canonical-540541c1e84290ac1fafda68\document.pdf,redundant_same_doc_type,higher_ranked_document_selected_for_same_official_doc_type
LVMH,lvmh,2024,16_agm_minutes_resolutions,canonical_89ab79e58ebfa3bb117f5347,c638941bd0c793d8d8eda12d523f769edd8951de2a5565fdf313b8dc848ff50a,,C:\Users\hp\Desktop\ESG\ESGCorpusTaxonomy\lvmh\2024\16_agm_minutes_resolutions\canonical-89ab79e58ebfa3bb117f5347\document.pdf,redundant_same_doc_type,higher_ranked_document_selected_for_same_official_doc_type
LVMH,lvmh,2024,16_agm_minutes_resolutions,canonical_a2c4e6f704d52e76dedd3c06,b4506523ba336ef52d4f380f2aa2a4171d13ccf5be79dff97d99dc018d601135,,C:\Users\hp\Desktop\ESG\ESGCorpusTaxonomy\lvmh\2024\16_agm_minutes_resolutions\canonical-a2c4e6f704d52e76dedd3c06\document.pdf,redundant_same_doc_type,higher_ranked_document_selected_for_same_official_doc_type
LVMH,lvmh,2024,16_agm_minutes_resolutions,canonical_576c4ebdb7ec39113e79bd18,bdcbb606a43f81070f65345ad71e3dd09b724daaf35bb677a7a4bdb76ecc0f59,,C:\Users\hp\Desktop\ESG\ESGCorpusTaxonomy\lvmh\2024\16_agm_minutes_resolutions\canonical-576c4ebdb7ec39113e79bd18\document.pdf,redundant_same_doc_type,higher_ranked_document_selected_for_same_official_doc_type
LVMH,lvmh,2024,16_agm_minutes_resolutions,canonical_3e7181299444708475ca7eca,918e97e5c37e09fda8cf3647be88ff18a13ff4e70b87e6ab1df8b0e0332554b8,,C:\Users\hp\Desktop\ESG\ESGCorpusTaxonomy\lvmh\2024\16_agm_minutes_resolutions\canonical-3e7181299444708475ca7eca\document.pdf,redundant_same_doc_type,higher_ranked_document_selected_for_same_official_doc_type
LVMH,lvmh,2024,16_agm_minutes_resolutions,canonical_8ea72b68b9db46e754f01e5a,86ba4dc8c87ced86f4197ad81e5542e07e916659fa80280d57ff3a82e1c9697f,,C:\Users\hp\Desktop\ESG\ESGCorpusTaxonomy\lvmh\2024\16_agm_minutes_resolutions\canonical-8ea72b68b9db46e754f01e5a\document.pdf,redundant_same_doc_type,higher_ranked_document_selected_for_same_official_doc_type
LVMH,lvmh,2024,16_agm_minutes_resolutions,canonical_07f3b0071b9aa9ab82562071,06cc343bbe92b12c7e2a413d3673bafb99515be1140741b0072f396dcdc64d48,,C:\Users\hp\Desktop\ESG\ESGCorpusTaxonomy\lvmh\2024\16_agm_minutes_resolutions\canonical-07f3b0071b9aa9ab82562071\document.pdf,redundant_same_doc_type,higher_ranked_document_selected_for_same_official_doc_type
LVMH,lvmh,2024,16_agm_minutes_resolutions,canonical_2c5f6688b9f7477c2730ef08,4469eee6f9e049e6e09c71ed2e3fae7f7dae8c22df370ebd5121712ddf5acbf7,,C:\Users\hp\Desktop\ESG\ESGCorpusTaxonomy\lvmh\2024\16_agm_minutes_resolutions\canonical-2c5f6688b9f7477c2730ef08\document.pdf,redundant_same_doc_type,higher_ranked_document_selected_for_same_official_doc_type
LVMH,lvmh,2024,16_agm_minutes_resolutions,canonical_80620bffefea945d4500b45b,9c9e3bf43b37a939586324dd65a7fe0fd21eb1338005665be6131f1f429f7591,,C:\Users\hp\Desktop\ESG\ESGCorpusTaxonomy\lvmh\2024\16_agm_minutes_resolutions\canonical-80620bffefea945d4500b45b\document.pdf,redundant_same_doc_type,higher_ranked_document_selected_for_same_official_doc_type
LVMH,lvmh,2024,16_agm_minutes_resolutions,canonical_d761576d7db38665e648edc7,534a7479162a81f84e6bbab7c8cba5bec1f5b4ac727d5b3c8e59e925c9d8c0c7,,C:\Users\hp\Desktop\ESG\ESGCorpusTaxonomy\lvmh\2024\16_agm_minutes_resolutions\canonical-d761576d7db38665e648edc7\document.pdf,redundant_same_doc_type,higher_ranked_document_selected_for_same_official_doc_type
LVMH,lvmh,2024,16_agm_minutes_resolutions,canonical_e08e396a25eb2eec3b4ecd82,70fdf77788b2110813677708cfab393a68737d53526719664b58bb96ed59d34e,,C:\Users\hp\Desktop\ESG\ESGCorpusTaxonomy\lvmh\2024\16_agm_minutes_resolutions\canonical-e08e396a25eb2eec3b4ecd82\document.pdf,redundant_same_doc_type,higher_ranked_document_selected_for_same_official_doc_type
LVMH,lvmh,2024,16_agm_minutes_resolutions,canonical_e18c875dba0235c213167d3a,8db4cbab391687deb6cafc6963cf0bc430b0195712f9c002498a5d7aad9b3fb5,,C:\Users\hp\Desktop\ESG\ESGCorpusTaxonomy\lvmh\2024\16_agm_minutes_resolutions\canonical-e18c875dba0235c213167d3a\document.pdf,redundant_same_doc_type,higher_ranked_document_selected_for_same_official_doc_type
LVMH,lvmh,2024,17_cdp_response,canonical_f857dcf3c77c7abe62b520cb,18684af94be4a399aaa39a1e03cfc6da14dc9e7bac47bfa8538f605438509760,,C:\Users\hp\Desktop\ESG\ESGCorpusTaxonomy\lvmh\2024\17_cdp_response\canonical-f857dcf3c77c7abe62b520cb\document.pdf,likely_wrong_company,alternative_exists_for_same_official_doc_type
LVMH,lvmh,2024,17_cdp_response,canonical_7e37e45d2d88e12576aaa35d,ea2b3184c64af68762645227c865dfee6bcef487b723b450e847d48f6afd91af,,C:\Users\hp\Desktop\ESG\ESGCorpusTaxonomy\lvmh\2024\17_cdp_response\canonical-7e37e45d2d88e12576aaa35d\document.pdf,likely_wrong_company,alternative_exists_for_same_official_doc_type
LVMH,lvmh,2024,17_cdp_response,canonical_8ab2f9ffe8177533dbe9b435,cc267e215c04a15c0b9bd32ab218842e6e54790727886c020824fc9b6151880a,,C:\Users\hp\Desktop\ESG\ESGCorpusTaxonomy\lvmh\2024\17_cdp_response\canonical-8ab2f9ffe8177533dbe9b435\document.pdf,redundant_same_doc_type,higher_ranked_document_selected_for_same_official_doc_type
LVMH,lvmh,2024,17_cdp_response,canonical_91314465b43a8d001ce1d87b,b7f093e41a9f6f834185e116d954b0b4d630b20f7994c64cda867074ef8ec446,,C:\Users\hp\Desktop\ESG\ESGCorpusTaxonomy\lvmh\2024\17_cdp_response\canonical-91314465b43a8d001ce1d87b\document.pdf,redundant_same_doc_type,higher_ranked_document_selected_for_same_official_doc_type
LVMH,lvmh,2024,17_cdp_response,canonical_7d185f3fd9d929db2e09cb0d,e962c84ade0da841402efae2d3bae52cc7a66260b00fae933ff22e5ff7806d9b,,C:\Users\hp\Desktop\ESG\ESGCorpusTaxonomy\lvmh\2024\17_cdp_response\canonical-7d185f3fd9d929db2e09cb0d\document.pdf,redundant_same_doc_type,higher_ranked_document_selected_for_same_official_doc_type
LVMH,lvmh,2024,17_cdp_response,canonical_522e69c63a2502d73e785619,1cd15932407bb13b1f2fa2c8f757191801e8d363ac099b50c69c7ffb5ff152d8,,C:\Users\hp\Desktop\ESG\ESGCorpusTaxonomy\lvmh\2024\17_cdp_response\canonical-522e69c63a2502d73e785619\document.pdf,redundant_same_doc_type,higher_ranked_document_selected_for_same_official_doc_type
LVMH,lvmh,2024,17_cdp_response,canonical_0c5182a1c8ad247f00432a23,38930f6c5670ed40e781f47631881facca0e397bffca94942e3fcec16f94e25b,,C:\Users\hp\Desktop\ESG\ESGCorpusTaxonomy\lvmh\2024\17_cdp_response\canonical-0c5182a1c8ad247f00432a23\document.pdf,redundant_same_doc_type,higher_ranked_document_selected_for_same_official_doc_type
LVMH,lvmh,2024,17_cdp_response,canonical_55318081a0fd61a1bf71b532,de359431b5696ddf22486aaf6e4bcdedfbe0d22585efac0aaa721640de5d0d19,,C:\Users\hp\Desktop\ESG\ESGCorpusTaxonomy\lvmh\2024\17_cdp_response\canonical-55318081a0fd61a1bf71b532\document.pdf,redundant_same_doc_type,higher_ranked_document_selected_for_same_official_doc_type
LVMH,lvmh,2024,17_cdp_response,canonical_70c622d841fcf3b7c4d2bcfc,e95e0ab3cda165b8d0c504f649358c7d4a4ef24febee08b392d4da8395ca1698,,C:\Users\hp\Desktop\ESG\ESGCorpusTaxonomy\lvmh\2024\17_cdp_response\canonical-70c622d841fcf3b7c4d2bcfc\document.pdf,redundant_same_doc_type,higher_ranked_document_selected_for_same_official_doc_type
LVMH,lvmh,2024,18_sbti_validation,canonical_880718d1340a6ad22e1d1803,b322846a21ab10cee9a7056b598f07afebb87397810f878191c4b7f1621d626b,,C:\Users\hp\Desktop\ESG\ESGCorpusTaxonomy\lvmh\2024\18_sbti_validation\canonical-880718d1340a6ad22e1d1803\document.pdf,redundant_same_doc_type,higher_ranked_document_selected_for_same_official_doc_type
LVMH,lvmh,2024,18_sbti_validation,canonical_e05739eed38eaf0899eb9219,e7218f17c221feb42087694438a872c582bce88224105701bf12995e21ac5bac,,C:\Users\hp\Desktop\ESG\ESGCorpusTaxonomy\lvmh\2024\18_sbti_validation\canonical-e05739eed38eaf0899eb9219\document.pdf,redundant_same_doc_type,higher_ranked_document_selected_for_same_official_doc_type
LVMH,lvmh,2024,18_sbti_validation,canonical_d51d1b61922c35a8411adfe2,cf1d997ce2a550681aeca48f3b6dab73d8b27c01d6c274ef816c2fc9337ffe87,,C:\Users\hp\Desktop\ESG\ESGCorpusTaxonomy\lvmh\2024\18_sbti_validation\canonical-d51d1b61922c35a8411adfe2\document.pdf,redundant_same_doc_type,higher_ranked_document_selected_for_same_official_doc_type
LVMH,lvmh,2024,18_sbti_validation,canonical_8d03c740d24616319f13998c,b03cebab11bf714fe0d1fdaac91a5f2bf4317389f06b8c27f53b6327f0495d99,,C:\Users\hp\Desktop\ESG\ESGCorpusTaxonomy\lvmh\2024\18_sbti_validation\canonical-8d03c740d24616319f13998c\document.pdf,redundant_same_doc_type,higher_ranked_document_selected_for_same_official_doc_type
LVMH,lvmh,2024,18_sbti_validation,canonical_5db353431911ad34182b1aff,efd21914f860b85541543b05b9e79318f1a18f0b776dd578fa9e6cc70d9a24f2,,C:\Users\hp\Desktop\ESG\ESGCorpusTaxonomy\lvmh\2024\18_sbti_validation\canonical-5db353431911ad34182b1aff\document.pdf,redundant_same_doc_type,higher_ranked_document_selected_for_same_official_doc_type
LVMH,lvmh,2024,18_sbti_validation,canonical_dfeddcdfb54be14e2230ab70,3cc00dd7f31db7f369b6b158838b5424a90206554d95d9f1d64fe1c2ff98d80c,,C:\Users\hp\Desktop\ESG\ESGCorpusTaxonomy\lvmh\2024\18_sbti_validation\canonical-dfeddcdfb54be14e2230ab70\document.pdf,redundant_same_doc_type,higher_ranked_document_selected_for_same_official_doc_type
LVMH,lvmh,2024,18_sbti_validation,canonical_2a7d13e3c6129fdd5adc41b3,d7a00ea0de641481d93704cc0863f9a184c523ac7aab53459fd91696745050b6,,C:\Users\hp\Desktop\ESG\ESGCorpusTaxonomy\lvmh\2024\18_sbti_validation\canonical-2a7d13e3c6129fdd5adc41b3\document.pdf,redundant_same_doc_type,higher_ranked_document_selected_for_same_official_doc_type
LVMH,lvmh,2024,18_sbti_validation,canonical_877449c466c67c56676ffc86,47dbbb28fdc43b5dcbd65f8d74b60db4a6847b70b6510106596c671e7ff65a57,,C:\Users\hp\Desktop\ESG\ESGCorpusTaxonomy\lvmh\2024\18_sbti_validation\canonical-877449c466c67c56676ffc86\document.pdf,redundant_same_doc_type,higher_ranked_document_selected_for_same_official_doc_type
LVMH,lvmh,2024,18_sbti_validation,canonical_057b023cd58c3af237681753,5c1d0a69c48242987440a94388f172f5ae221c6a1b35b61dea92853f7cf94239,,C:\Users\hp\Desktop\ESG\ESGCorpusTaxonomy\lvmh\2024\18_sbti_validation\canonical-057b023cd58c3af237681753\document.pdf,redundant_same_doc_type,higher_ranked_document_selected_for_same_official_doc_type
LVMH,lvmh,2024,18_sbti_validation,canonical_2bc884d7131eae703016e07f,d4a8c259208b51d47e33b1f0e71d5ff3dd358f9243867df960a25bf4fc7dc404,,C:\Users\hp\Desktop\ESG\ESGCorpusTaxonomy\lvmh\2024\18_sbti_validation\canonical-2bc884d7131eae703016e07f\document.pdf,redundant_same_doc_type,higher_ranked_document_selected_for_same_official_doc_type
LVMH,lvmh,2024,18_sbti_validation,canonical_aad3e149a8a0e5aa54c24a30,ae4cc724e5928e2269f70df6790fa381c6252c8addf98483bc4923839f254ca2,,C:\Users\hp\Desktop\ESG\ESGCorpusTaxonomy\lvmh\2024\18_sbti_validation\canonical-aad3e149a8a0e5aa54c24a30\document.pdf,redundant_same_doc_type,higher_ranked_document_selected_for_same_official_doc_type
LVMH,lvmh,2024,18_sbti_validation,canonical_d273adf57ea1326cafa5b122,401cf1249fc87c7789d1c4f5fcdb6fb3862b3b55729fe7b40b11204e43d13908,,C:\Users\hp\Desktop\ESG\ESGCorpusTaxonomy\lvmh\2024\18_sbti_validation\canonical-d273adf57ea1326cafa5b122\document.pdf,redundant_same_doc_type,higher_ranked_document_selected_for_same_official_doc_type
LVMH,lvmh,2024,18_sbti_validation,canonical_f21439a7a0cae18fe84be0d3,42b0bd7ee3fd830bed5fd24e143a6c8587efa1d77ed4b82bf8f936da2ee2d844,,C:\Users\hp\Desktop\ESG\ESGCorpusTaxonomy\lvmh\2024\18_sbti_validation\canonical-f21439a7a0cae18fe84be0d3\document.pdf,redundant_same_doc_type,higher_ranked_document_selected_for_same_official_doc_type
LVMH,lvmh,2024,18_sbti_validation,canonical_31235007707d743ab22c047b,41868edca2a7c74ff2aa4357854389072aaba8098edf6038c00eed85f2dac3ab,,C:\Users\hp\Desktop\ESG\ESGCorpusTaxonomy\lvmh\2024\18_sbti_validation\canonical-31235007707d743ab22c047b\document.pdf,redundant_same_doc_type,higher_ranked_document_selected_for_same_official_doc_type
LVMH,lvmh,2024,18_sbti_validation,canonical_86b365d4340d7b93ec336a98,048987d13ce989072355bb30d69acf3afb94c62abc738378c40487b02ba9832b,,C:\Users\hp\Desktop\ESG\ESGCorpusTaxonomy\lvmh\2024\18_sbti_validation\canonical-86b365d4340d7b93ec336a98\document.pdf,redundant_same_doc_type,higher_ranked_document_selected_for_same_official_doc_type
LVMH,lvmh,2024,18_sbti_validation,canonical_c5e11f90bc85caa787bf096f,5819eeb14ff947c794b4614972fa70e4094d550b67dcc2aec64842d6728275b4,,C:\Users\hp\Desktop\ESG\ESGCorpusTaxonomy\lvmh\2024\18_sbti_validation\canonical-c5e11f90bc85caa787bf096f\document.pdf,redundant_same_doc_type,higher_ranked_document_selected_for_same_official_doc_type
LVMH,lvmh,2024,18_sbti_validation,canonical_125bd3693ce89486f5635419,628d15ee00a209f7fcb8269c481600d1958e5734b085aaf53ec0931dd3ee8770,,C:\Users\hp\Desktop\ESG\ESGCorpusTaxonomy\lvmh\2024\18_sbti_validation\canonical-125bd3693ce89486f5635419\document.pdf,redundant_same_doc_type,higher_ranked_document_selected_for_same_official_doc_type
LVMH,lvmh,2024,18_sbti_validation,canonical_bdfa3d1a3f4051cb707245ab,541c5fb3399b97e20779f0b9bee0e6c5ca3b0f2c07da7dcda3f848bf3699d7a4,,C:\Users\hp\Desktop\ESG\ESGCorpusTaxonomy\lvmh\2024\18_sbti_validation\canonical-bdfa3d1a3f4051cb707245ab\document.pdf,redundant_same_doc_type,higher_ranked_document_selected_for_same_official_doc_type
LVMH,lvmh,2024,18_sbti_validation,canonical_00a718fde99895896df4521e,b2fb92c196a275d9eb8769a897b9b574d178856c13818c57301c3abc33ca9f08,,C:\Users\hp\Desktop\ESG\ESGCorpusTaxonomy\lvmh\2024\18_sbti_validation\canonical-00a718fde99895896df4521e\document.pdf,redundant_same_doc_type,higher_ranked_document_selected_for_same_official_doc_type
LVMH,lvmh,2024,18_sbti_validation,canonical_037f3dd4f6e5c030c950602f,3050d1a6365a5a6e15fd560b3deca7c3591542d0beec19af1d87f9559b7a373c,,C:\Users\hp\Desktop\ESG\ESGCorpusTaxonomy\lvmh\2024\18_sbti_validation\canonical-037f3dd4f6e5c030c950602f\document.pdf,redundant_same_doc_type,higher_ranked_document_selected_for_same_official_doc_type
LVMH,lvmh,2024,18_sbti_validation,canonical_4ca689ee945ab02dfb8fff7b,31d9d9f548de430ee0fb6ab69789c98f8af913535c20833cc1923059cfdaef77,,C:\Users\hp\Desktop\ESG\ESGCorpusTaxonomy\lvmh\2024\18_sbti_validation\canonical-4ca689ee945ab02dfb8fff7b\document.pdf,redundant_same_doc_type,higher_ranked_document_selected_for_same_official_doc_type
LVMH,lvmh,2024,18_sbti_validation,canonical_5325b0e013b268ae5be84d3d,8a844c017d076a72de12dd969533dd5a5331eff1ca98ffad8b439711c578b540,,C:\Users\hp\Desktop\ESG\ESGCorpusTaxonomy\lvmh\2024\18_sbti_validation\canonical-5325b0e013b268ae5be84d3d\document.pdf,redundant_same_doc_type,higher_ranked_document_selected_for_same_official_doc_type
LVMH,lvmh,2024,18_sbti_validation,canonical_63d5018a61d85bc282862f02,7c81f409f095956491c8d20ff6c507b3b348c748ba683e19e9016cf9f982900e,,C:\Users\hp\Desktop\ESG\ESGCorpusTaxonomy\lvmh\2024\18_sbti_validation\canonical-63d5018a61d85bc282862f02\document.pdf,redundant_same_doc_type,higher_ranked_document_selected_for_same_official_doc_type
LVMH,lvmh,2024,18_sbti_validation,canonical_a8742286b3d6251a312b0922,5ba15ce2cb40bef389ec7703ac19af7bc7747bac6f13eaeca0e3da430992a71a,,C:\Users\hp\Desktop\ESG\ESGCorpusTaxonomy\lvmh\2024\18_sbti_validation\canonical-a8742286b3d6251a312b0922\document.pdf,redundant_same_doc_type,higher_ranked_document_selected_for_same_official_doc_type
LVMH,lvmh,2024,18_sbti_validation,canonical_f497174d253b53a2b4ff3766,81a65cc24ce63f02d70b20e003567207d1dcbe36b4962a1a86f66917e2f606a4,,C:\Users\hp\Desktop\ESG\ESGCorpusTaxonomy\lvmh\2024\18_sbti_validation\canonical-f497174d253b53a2b4ff3766\document.pdf,redundant_same_doc_type,higher_ranked_document_selected_for_same_official_doc_type
LVMH,lvmh,2024,18_sbti_validation,canonical_38ec78eb122ff95a092aa37a,be00dec2028e6e6f85973a289e9e5621e6543eb26d9aff578c6553ee46ce5fa7,,C:\Users\hp\Desktop\ESG\ESGCorpusTaxonomy\lvmh\2024\18_sbti_validation\canonical-38ec78eb122ff95a092aa37a\document.pdf,redundant_same_doc_type,higher_ranked_document_selected_for_same_official_doc_type
LVMH,lvmh,2024,18_sbti_validation,canonical_d5fc8c5b3d24b3e1f29c46ca,1ec38e1550cabcef2fa46624f789ce5503098fada7acf55d0208f214f5ab1c74,,C:\Users\hp\Desktop\ESG\ESGCorpusTaxonomy\lvmh\2024\18_sbti_validation\canonical-d5fc8c5b3d24b3e1f29c46ca\document.pdf,redundant_same_doc_type,higher_ranked_document_selected_for_same_official_doc_type
LVMH,lvmh,2024,18_sbti_validation,canonical_a34b94239955b0e10b15d596,42a29a967c1b6c0695e33ab5f1526812650e85d9bc3a12509dd44e43e97a8457,,C:\Users\hp\Desktop\ESG\ESGCorpusTaxonomy\lvmh\2024\18_sbti_validation\canonical-a34b94239955b0e10b15d596\document.pdf,redundant_same_doc_type,higher_ranked_document_selected_for_same_official_doc_type
LVMH,lvmh,2024,18_sbti_validation,canonical_243bc258b4f723699f16efe1,f0cc7827ade4f371b01b13012afd322d70ce442f4c392781a79a8756c7c46bea,,C:\Users\hp\Desktop\ESG\ESGCorpusTaxonomy\lvmh\2024\18_sbti_validation\canonical-243bc258b4f723699f16efe1\document.pdf,redundant_same_doc_type,higher_ranked_document_selected_for_same_official_doc_type
LVMH,lvmh,2024,18_sbti_validation,canonical_4188dd859ca235e6ee5e513b,2e67a9172bcfc91a8b00282de61fa9c73674b99bbe6587871a534032c5ea608d,,C:\Users\hp\Desktop\ESG\ESGCorpusTaxonomy\lvmh\2024\18_sbti_validation\canonical-4188dd859ca235e6ee5e513b\document.pdf,redundant_same_doc_type,higher_ranked_document_selected_for_same_official_doc_type
LVMH,lvmh,2024,18_sbti_validation,canonical_294d4c3aaafdda8f44f397f4,a809cbd84ea01e4ab02cad9e4fbf65c1fe1420b9157d072948a2a5ca313c54e9,,C:\Users\hp\Desktop\ESG\ESGCorpusTaxonomy\lvmh\2024\18_sbti_validation\canonical-294d4c3aaafdda8f44f397f4\document.pdf,redundant_same_doc_type,higher_ranked_document_selected_for_same_official_doc_type
LVMH,lvmh,2024,18_sbti_validation,canonical_31ee2a713ccc528264c11a07,5224b460bdd5a179676525f3fc6f8fb2a65dc21e86e03d7f672f1dd6b6624724,,C:\Users\hp\Desktop\ESG\ESGCorpusTaxonomy\lvmh\2024\18_sbti_validation\canonical-31ee2a713ccc528264c11a07\document.pdf,redundant_same_doc_type,higher_ranked_document_selected_for_same_official_doc_type
LVMH,lvmh,2024,18_sbti_validation,canonical_a660471b484780255f435c31,7a40a136722ac019eff6cd05262353d27eb882030edcf596a942a59438416b65,,C:\Users\hp\Desktop\ESG\ESGCorpusTaxonomy\lvmh\2024\18_sbti_validation\canonical-a660471b484780255f435c31\document.pdf,redundant_same_doc_type,higher_ranked_document_selected_for_same_official_doc_type
LVMH,lvmh,2024,18_sbti_validation,canonical_e362881f86d2e405b7225923,e743a8f39b0fe98ae537a538b44a39f772f9430534fd41bec5a70b50348685ab,,C:\Users\hp\Desktop\ESG\ESGCorpusTaxonomy\lvmh\2024\18_sbti_validation\canonical-e362881f86d2e405b7225923\document.pdf,redundant_same_doc_type,higher_ranked_document_selected_for_same_official_doc_type
LVMH,lvmh,2024,18_sbti_validation,canonical_5e299d6d8559efb9519acff5,0c72c0d2b39dfc9cc10e677853ae8bd74ad92b4cd23a9dd77741d14a3f7da01b,,C:\Users\hp\Desktop\ESG\ESGCorpusTaxonomy\lvmh\2024\18_sbti_validation\canonical-5e299d6d8559efb9519acff5\document.pdf,redundant_same_doc_type,higher_ranked_document_selected_for_same_official_doc_type
LVMH,lvmh,2024,18_sbti_validation,canonical_6a311c4f715c6fba09582b62,9f36260d666604e27c0193792f964971a1315bcc570554a9450737fe9ebd57f2,,C:\Users\hp\Desktop\ESG\ESGCorpusTaxonomy\lvmh\2024\18_sbti_validation\canonical-6a311c4f715c6fba09582b62\document.pdf,redundant_same_doc_type,higher_ranked_document_selected_for_same_official_doc_type
LVMH,lvmh,2024,18_sbti_validation,canonical_53ddac1daa0b2cfb3784d867,d539858a2b97e2e86a6d62ceaee7328d84460b72b935c7bfcc1694b1e54e6a10,,C:\Users\hp\Desktop\ESG\ESGCorpusTaxonomy\lvmh\2024\18_sbti_validation\canonical-53ddac1daa0b2cfb3784d867\document.pdf,redundant_same_doc_type,higher_ranked_document_selected_for_same_official_doc_type
LVMH,lvmh,2024,18_sbti_validation,canonical_8c739e374905aa73beaa3846,3f5be5a2ac3a8e2ff3b9e5f6a9a36791dc483072d9423b645735ec9e5fc0817d,,C:\Users\hp\Desktop\ESG\ESGCorpusTaxonomy\lvmh\2024\18_sbti_validation\canonical-8c739e374905aa73beaa3846\document.pdf,redundant_same_doc_type,higher_ranked_document_selected_for_same_official_doc_type
LVMH,lvmh,2024,18_sbti_validation,canonical_9f18c727c9a7b65a23c526ed,ce91d3720450444782b07d4b490341b341e03119fa2229a064ca470181a94a55,,C:\Users\hp\Desktop\ESG\ESGCorpusTaxonomy\lvmh\2024\18_sbti_validation\canonical-9f18c727c9a7b65a23c526ed\document.pdf,redundant_same_doc_type,higher_ranked_document_selected_for_same_official_doc_type
LVMH,lvmh,2024,18_sbti_validation,canonical_bee9489ef46f5f56c9fcc4e6,33bb28232418e0ef1642de4cd28678b1b050f3ae9cb8418f65b74f19f5e4c864,,C:\Users\hp\Desktop\ESG\ESGCorpusTaxonomy\lvmh\2024\18_sbti_validation\canonical-bee9489ef46f5f56c9fcc4e6\document.pdf,redundant_same_doc_type,higher_ranked_document_selected_for_same_official_doc_type
LVMH,lvmh,2024,18_sbti_validation,canonical_edebdac1800646dd948fc95b,87b6b16a52c48e3f3148f3c47f67776984ee50e1eec10395663ff620381ac108,,C:\Users\hp\Desktop\ESG\ESGCorpusTaxonomy\lvmh\2024\18_sbti_validation\canonical-edebdac1800646dd948fc95b\document.pdf,redundant_same_doc_type,higher_ranked_document_selected_for_same_official_doc_type
LVMH,lvmh,2024,18_sbti_validation,canonical_f659a6d92b0104d34757e1d1,8b5dda203d109ab2d207db2deedda355a58e2ecc10a99d0401f9212346916513,,C:\Users\hp\Desktop\ESG\ESGCorpusTaxonomy\lvmh\2024\18_sbti_validation\canonical-f659a6d92b0104d34757e1d1\document.pdf,redundant_same_doc_type,higher_ranked_document_selected_for_same_official_doc_type
LVMH,lvmh,2024,18_sbti_validation,canonical_ea2f87040cedad22d46dc771,59f65ec8b9e7dbcc2ec937681691c4a08c05535f87e0b44acf9a80ba3a806d71,,C:\Users\hp\Desktop\ESG\ESGCorpusTaxonomy\lvmh\2024\18_sbti_validation\canonical-ea2f87040cedad22d46dc771\document.pdf,redundant_same_doc_type,higher_ranked_document_selected_for_same_official_doc_type
LVMH,lvmh,2024,18_sbti_validation,canonical_5b0d735b5a82cedad35d6f9b,60fc61d0c6771f724b54b76084d83a4900d2a068d1b88b3607fc5d387e4586eb,,C:\Users\hp\Desktop\ESG\ESGCorpusTaxonomy\lvmh\2024\18_sbti_validation\canonical-5b0d735b5a82cedad35d6f9b\document.pdf,redundant_same_doc_type,higher_ranked_document_selected_for_same_official_doc_type
LVMH,lvmh,2024,,canonical_553c953e529a900651b9932e,01eadada823c66bf9ded62511dc44a9796cd9cd1d333fbe105889bab075b09b8,,C:\Users\hp\Desktop\ESG\ESGCorpus\lvmh\2024\corporate-policy\canonical-553c953e529a900651b9932e\document.pdf,needs_review,official_doc_type_missing_or_needs_review
LVMH,lvmh,2024,,canonical_39c606c4306b914724d28cb6,04dc4f267e6a04b911f2c6bf1e4cdd7a083af01968e9151349ae080876807a91,,C:\Users\hp\Desktop\ESG\ESGCorpus\lvmh\2024\corporate-policy\canonical-39c606c4306b914724d28cb6\document.pdf,needs_review,official_doc_type_missing_or_needs_review
LVMH,lvmh,2024,,canonical_24fca5a2e18659766618497d,056adaaccb90133ea20b8ebf9599267dd8831f900ac267efc92bbd0486c9ea59,,C:\Users\hp\Desktop\ESG\ESGCorpus\lvmh\2024\corporate-policy\canonical-24fca5a2e18659766618497d\document.pdf,needs_review,official_doc_type_missing_or_needs_review
LVMH,lvmh,2024,,canonical_18e95f0bd80c47c1841c51ad,06ae7c56a149067b2a614758bf2688e41c698e9b666f5292fca58cd31c9739d9,,C:\Users\hp\Desktop\ESG\ESGCorpus\lvmh\2024\corporate-policy\canonical-18e95f0bd80c47c1841c51ad\document.pdf,needs_review,official_doc_type_missing_or_needs_review
LVMH,lvmh,2024,,canonical_3b191371bd44dcf578287c81,0fb226d9e14deed392d430f10942b75175949e165ec062a5f12b4a03a04948e6,,C:\Users\hp\Desktop\ESG\ESGCorpus\lvmh\2024\corporate-policy\canonical-3b191371bd44dcf578287c81\document.pdf,needs_review,official_doc_type_missing_or_needs_review
LVMH,lvmh,2024,,canonical_504262908ded40cd78167b50,15b2d3b6f4d83d8479b194956b662e8f9e2dccdfb901e501b55a5e36321528c5,,C:\Users\hp\Desktop\ESG\ESGCorpus\lvmh\2024\corporate-policy\canonical-504262908ded40cd78167b50\document.pdf,needs_review,official_doc_type_missing_or_needs_review
LVMH,lvmh,2024,,canonical_9d1d919dc445c7d38d662de1,290509b3593aebcea58b06a8b6370ee1e62f4a3fe647b914ece755c0d38b5938,,C:\Users\hp\Desktop\ESG\ESGCorpus\lvmh\2024\corporate-policy\canonical-9d1d919dc445c7d38d662de1\document.pdf,needs_review,official_doc_type_missing_or_needs_review
LVMH,lvmh,2024,,canonical_01554c87aee0bb4ce7d2568d,30fb774f8c30ee16e1c52fd801855a7310c5ad6db3287af503fb6dc80b00d9e5,,C:\Users\hp\Desktop\ESG\ESGCorpus\lvmh\2024\corporate-policy\canonical-01554c87aee0bb4ce7d2568d\document.pdf,needs_review,official_doc_type_missing_or_needs_review
LVMH,lvmh,2024,,canonical_e435ee5377e8273765e97e96,3c6d316b351cfd6d99499c0e400ae72a989aeb3a5b3ed42182c3b448da09669a,,C:\Users\hp\Desktop\ESG\ESGCorpus\lvmh\2024\corporate-policy\canonical-e435ee5377e8273765e97e96\document.pdf,needs_review,official_doc_type_missing_or_needs_review
LVMH,lvmh,2024,,canonical_5c63b961a7599ad79af8f705,3f85323f9e78a6d573cf69d2c6c61ce8a8f9f6c4e97ffdd63fd900b8f5ff8897,,C:\Users\hp\Desktop\ESG\ESGCorpus\lvmh\2024\corporate-policy\canonical-5c63b961a7599ad79af8f705\document.pdf,needs_review,official_doc_type_missing_or_needs_review
LVMH,lvmh,2024,,canonical_0d3c8ce0c45869d05240f983,418cf4897a189227e058cfb1e74a1aafd1e9588d9b0c8dc246abb84b8078e7d3,,C:\Users\hp\Desktop\ESG\ESGCorpus\lvmh\2024\corporate-policy\canonical-0d3c8ce0c45869d05240f983\document.pdf,needs_review,official_doc_type_missing_or_needs_review
LVMH,lvmh,2024,,canonical_0d7001df3af113d8984dc8ad,47e80e9540a17891247b5edf451b2ffa6783fe5c196c2179c6ee037fee1a0eb4,,C:\Users\hp\Desktop\ESG\ESGCorpus\lvmh\2024\corporate-policy\canonical-0d7001df3af113d8984dc8ad\document.pdf,needs_review,official_doc_type_missing_or_needs_review
LVMH,lvmh,2024,,canonical_41a695c0203fee302a33a6c2,4c39b5ec3815aeeff6a95ceae57ad633cf6c323853c63afd1fa4f403befe53d8,,C:\Users\hp\Desktop\ESG\ESGCorpus\lvmh\2024\corporate-policy\canonical-41a695c0203fee302a33a6c2\document.pdf,needs_review,official_doc_type_missing_or_needs_review
LVMH,lvmh,2024,,canonical_e0536f1196459740aefa18b0,5db02adad6fdc7c15ae084fe04edc3c34dfdfaee62f8230f58ac82ee5bc0521c,,C:\Users\hp\Desktop\ESG\ESGCorpus\lvmh\2024\corporate-policy\canonical-e0536f1196459740aefa18b0\document.pdf,needs_review,official_doc_type_missing_or_needs_review
LVMH,lvmh,2024,,canonical_8cc7a39053c6d64ef9115bf9,67515243db92f8bdd81ea6a3d876369d407adaf700f16ad0b39e230a60ba990b,,C:\Users\hp\Desktop\ESG\ESGCorpus\lvmh\2024\corporate-policy\canonical-8cc7a39053c6d64ef9115bf9\document.pdf,needs_review,official_doc_type_missing_or_needs_review
LVMH,lvmh,2024,,canonical_bc5822db98cecf7cbd5d0561,6c2f19d8ac52e07776defac8dceb60de4f09feb72d46e978903e33c0cf2ce85a,,C:\Users\hp\Desktop\ESG\ESGCorpus\lvmh\2024\corporate-policy\canonical-bc5822db98cecf7cbd5d0561\document.pdf,needs_review,official_doc_type_missing_or_needs_review
LVMH,lvmh,2024,,canonical_5f66c66d156e09c2c4d27a43,75c049f910200e2fab51ee2b06766fd61e70260a9ee1bd7aa8f29d14fb446d1f,,C:\Users\hp\Desktop\ESG\ESGCorpus\lvmh\2024\corporate-policy\canonical-5f66c66d156e09c2c4d27a43\document.pdf,needs_review,official_doc_type_missing_or_needs_review
LVMH,lvmh,2024,,canonical_66796d9a101f17896f1ea9f9,82fb67a4f9ee959e5bba5bb9ece304a5b51c59ff9f3c5da284e7f165dc977839,,C:\Users\hp\Desktop\ESG\ESGCorpus\lvmh\2024\corporate-policy\canonical-66796d9a101f17896f1ea9f9\document.pdf,needs_review,official_doc_type_missing_or_needs_review
LVMH,lvmh,2024,,canonical_cd392d96c8b389450eb150ad,830db5eb5a8bba5a3e08775573f47bca4fa6ddac25097743e012926c69fe51aa,,C:\Users\hp\Desktop\ESG\ESGCorpus\lvmh\2024\corporate-policy\canonical-cd392d96c8b389450eb150ad\document.pdf,needs_review,official_doc_type_missing_or_needs_review
LVMH,lvmh,2024,,canonical_e7a6ce865a8c33cd7e9741e3,836f1acbdd9a7bc14a8dcbdf0a775b9525529a65a63a8fe29f0ba8c78d741c88,,C:\Users\hp\Desktop\ESG\ESGCorpus\lvmh\2024\corporate-policy\canonical-e7a6ce865a8c33cd7e9741e3\document.pdf,needs_review,official_doc_type_missing_or_needs_review
LVMH,lvmh,2024,,canonical_7976d17b143f790b154d4999,887f8e0927b65f32a7c30eb133ab14bbaaf32ba70a002f5e4daace2cac34058f,,C:\Users\hp\Desktop\ESG\ESGCorpus\lvmh\2024\corporate-policy\canonical-7976d17b143f790b154d4999\document.pdf,needs_review,official_doc_type_missing_or_needs_review
LVMH,lvmh,2024,,canonical_7205cb9eeaac5a19b34f37d5,8c0b520ba84ce75ca7b77ddc6345c3f570b2ad5e0b9beab7016293265a8c2812,,C:\Users\hp\Desktop\ESG\ESGCorpus\lvmh\2024\corporate-policy\canonical-7205cb9eeaac5a19b34f37d5\document.pdf,needs_review,official_doc_type_missing_or_needs_review
LVMH,lvmh,2024,,canonical_33c6574e55caea9fb8428c26,a24dfcb5235ae633784625bde52d76b0a44f6426a39f627326c1c383e8be68b2,,C:\Users\hp\Desktop\ESG\ESGCorpus\lvmh\2024\corporate-policy\canonical-33c6574e55caea9fb8428c26\document.pdf,needs_review,official_doc_type_missing_or_needs_review
LVMH,lvmh,2024,,canonical_6a5eedb4b12a570997895ad5,b0f200ef194baa1c6910769d032ddc0d6df310a61ae4eabf10e390852027ac8f,,C:\Users\hp\Desktop\ESG\ESGCorpus\lvmh\2024\corporate-policy\canonical-6a5eedb4b12a570997895ad5\document.pdf,needs_review,official_doc_type_missing_or_needs_review
LVMH,lvmh,2024,,canonical_d8d480959d5833504e478503,b424fdc7da2749adbb859a518a255d837fd98766212f6aad51a6946cc5d12094,,C:\Users\hp\Desktop\ESG\ESGCorpus\lvmh\2024\corporate-policy\canonical-d8d480959d5833504e478503\document.pdf,needs_review,official_doc_type_missing_or_needs_review
LVMH,lvmh,2024,,canonical_0969beb5209c1b2de367c80f,c943cd3777a0c657f3ccb7a9a3cc6e0baf3def551cdc43e641eb42db209e61c2,,C:\Users\hp\Desktop\ESG\ESGCorpus\lvmh\2024\corporate-policy\canonical-0969beb5209c1b2de367c80f\document.pdf,needs_review,official_doc_type_missing_or_needs_review
LVMH,lvmh,2024,,canonical_949aa502da5b9ccf1bb0df70,cc0cd029bc515475dbbdd4efffb54c7f0cc5ccb96649d71034081e5eba02395a,,C:\Users\hp\Desktop\ESG\ESGCorpus\lvmh\2024\corporate-policy\canonical-949aa502da5b9ccf1bb0df70\document.pdf,needs_review,official_doc_type_missing_or_needs_review
LVMH,lvmh,2024,,canonical_d1c2a690bc31307c9d3dd499,d48f4b0ce10fb8c2c13c75fb58ccc916ac2e3bb2da392e961d1b077b3412e04a,,C:\Users\hp\Desktop\ESG\ESGCorpus\lvmh\2024\corporate-policy\canonical-d1c2a690bc31307c9d3dd499\document.pdf,needs_review,official_doc_type_missing_or_needs_review
LVMH,lvmh,2024,,canonical_229b5980230b578437cd4868,d5f8f76237c76cbfbf5bf6c0f2a694e14617c2ffe9917212c66694a4f52874a2,,C:\Users\hp\Desktop\ESG\ESGCorpus\lvmh\2024\corporate-policy\canonical-229b5980230b578437cd4868\document.pdf,needs_review,official_doc_type_missing_or_needs_review
LVMH,lvmh,2024,,canonical_1ed3ab5ccb2d181366e897ee,da80250e46c29137dfa77bde636a07b2500ffe9ccac611d6c88f71a4e8ea7daf,,C:\Users\hp\Desktop\ESG\ESGCorpus\lvmh\2024\corporate-policy\canonical-1ed3ab5ccb2d181366e897ee\document.pdf,needs_review,official_doc_type_missing_or_needs_review
LVMH,lvmh,2024,,canonical_1db0e1550ba565d943b58865,dab2c6e8162526430ce145e87d6604903ae036b1f1db57d2259e24c8d4a76306,,C:\Users\hp\Desktop\ESG\ESGCorpus\lvmh\2024\corporate-policy\canonical-1db0e1550ba565d943b58865\document.pdf,needs_review,official_doc_type_missing_or_needs_review
Schneider Electric,schneider-electric,2024,01_urd_annual_report,canonical_9de29cb0ed2693a4ff8e134b,89d162c4a20b0b532fd6c15021ed8bf6cf65551b34fa5c5a0b757b0fa03ce25d,,C:\Users\hp\Desktop\ESG\ESGCorpusTaxonomy\schneider-electric\2024\01_urd_annual_report\canonical-9de29cb0ed2693a4ff8e134b\document.pdf,redundant_same_doc_type,higher_ranked_document_selected_for_same_official_doc_type
Schneider Electric,schneider-electric,2024,01_urd_annual_report,canonical_08034bdb6fc4445b920d6323,5c7265d598ec27abd353fa355dd6830b346c4f564701fea6db373b661af4f349,,C:\Users\hp\Desktop\ESG\ESGCorpusTaxonomy\schneider-electric\2024\01_urd_annual_report\canonical-08034bdb6fc4445b920d6323\document.pdf,redundant_same_doc_type,higher_ranked_document_selected_for_same_official_doc_type
Schneider Electric,schneider-electric,2024,01_urd_annual_report,canonical_c76f4c8b2475df8e94ebdecf,b29c2caed223376c4fc95b6bc45e0102cfef042bff8f276f8cfefe60e50356aa,,C:\Users\hp\Desktop\ESG\ESGCorpusTaxonomy\schneider-electric\2024\01_urd_annual_report\canonical-c76f4c8b2475df8e94ebdecf\document.pdf,redundant_same_doc_type,higher_ranked_document_selected_for_same_official_doc_type
Schneider Electric,schneider-electric,2024,02_sustainability_statement_csrd_esrs,canonical_38d0cc68d7d303a45ebd230d,d34f43ad366577ccc5574c99bfa7776f381b197f825272b9134b1999675fd084,,C:\Users\hp\Desktop\ESG\ESGCorpusTaxonomy\schneider-electric\2024\02_sustainability_statement_csrd_esrs\canonical-38d0cc68d7d303a45ebd230d\document.pdf,redundant_same_doc_type,higher_ranked_document_selected_for_same_official_doc_type
Schneider Electric,schneider-electric,2024,02_sustainability_statement_csrd_esrs,canonical_16e79e27e14d19c94c82cc6c,e821aee202d2c259db861cd67c4a3384a85c9c41fff5040378a95bf65c831763,,C:\Users\hp\Desktop\ESG\ESGCorpusTaxonomy\schneider-electric\2024\02_sustainability_statement_csrd_esrs\canonical-16e79e27e14d19c94c82cc6c\document.pdf,redundant_same_doc_type,higher_ranked_document_selected_for_same_official_doc_type
Schneider Electric,schneider-electric,2024,02_sustainability_statement_csrd_esrs,canonical_27bcf6d5f801e4f91d73efd8,02226e1cf5328810510451e1e524e966389750963175a41474de835e18d5aaab,,C:\Users\hp\Desktop\ESG\ESGCorpusTaxonomy\schneider-electric\2024\02_sustainability_statement_csrd_esrs\canonical-27bcf6d5f801e4f91d73efd8\document.pdf,redundant_same_doc_type,higher_ranked_document_selected_for_same_official_doc_type
Schneider Electric,schneider-electric,2024,02_sustainability_statement_csrd_esrs,canonical_ff6b9287ddd45bf5051af594,4f0ecf1a668fa80cca0983a42f49f183912c23ac7636a3b4386614c1d5c108e6,,C:\Users\hp\Desktop\ESG\ESGCorpusTaxonomy\schneider-electric\2024\02_sustainability_statement_csrd_esrs\canonical-ff6b9287ddd45bf5051af594\document.pdf,redundant_same_doc_type,higher_ranked_document_selected_for_same_official_doc_type
Schneider Electric,schneider-electric,2024,02_sustainability_statement_csrd_esrs,canonical_08034bdb6fc4445b920d6323,5c7265d598ec27abd353fa355dd6830b346c4f564701fea6db373b661af4f349,,C:\Users\hp\Desktop\ESG\ESGCorpusTaxonomy\schneider-electric\2024\02_sustainability_statement_csrd_esrs\canonical-08034bdb6fc4445b920d6323\document.pdf,redundant_same_doc_type,higher_ranked_document_selected_for_same_official_doc_type
Schneider Electric,schneider-electric,2024,03_climate_report_tcfd_transition_plan,canonical_08034bdb6fc4445b920d6323,5c7265d598ec27abd353fa355dd6830b346c4f564701fea6db373b661af4f349,,C:\Users\hp\Desktop\ESG\ESGCorpusTaxonomy\schneider-electric\2024\03_climate_report_tcfd_transition_plan\canonical-08034bdb6fc4445b920d6323\document.pdf,redundant_same_doc_type,higher_ranked_document_selected_for_same_official_doc_type
Schneider Electric,schneider-electric,2024,08_anticorruption_policy,canonical_78aa11ff26d288e3b0414476,40ab287bed8360c6d97086cfdd82c5ea7196fd888cd102aaa83fe87592567bc6,,C:\Users\hp\Desktop\ESG\ESGCorpusTaxonomy\schneider-electric\2024\08_anticorruption_policy\canonical-78aa11ff26d288e3b0414476\document.pdf,redundant_same_doc_type,higher_ranked_document_selected_for_same_official_doc_type
Schneider Electric,schneider-electric,2024,13_investor_presentations,canonical_bc209621982ac719ff95c31c,26f06f6aaddf1d510f3bf1b4fe947c4d369b95aa50510153ec9f107a628858e5,,C:\Users\hp\Desktop\ESG\ESGCorpusTaxonomy\schneider-electric\2024\13_investor_presentations\canonical-bc209621982ac719ff95c31c\document.pdf,likely_wrong_company,alternative_exists_for_same_official_doc_type
Schneider Electric,schneider-electric,2024,16_agm_minutes_resolutions,canonical_b00409b635d2787973d133ef,50727032071237fb0a94c888037ba1384865fd14e1fd14e56128883e6714cffa,,C:\Users\hp\Desktop\ESG\ESGCorpusTaxonomy\schneider-electric\2024\16_agm_minutes_resolutions\canonical-b00409b635d2787973d133ef\document.pdf,redundant_same_doc_type,higher_ranked_document_selected_for_same_official_doc_type
Schneider Electric,schneider-electric,2024,16_agm_minutes_resolutions,canonical_e0869f5c569cb771e1d68d38,41bd8ddfaf795c3a796238fdb134bd6a58309c4d500a6ab89450830a8bedd78c,,C:\Users\hp\Desktop\ESG\ESGCorpusTaxonomy\schneider-electric\2024\16_agm_minutes_resolutions\canonical-e0869f5c569cb771e1d68d38\document.pdf,redundant_same_doc_type,higher_ranked_document_selected_for_same_official_doc_type
Schneider Electric,schneider-electric,2024,16_agm_minutes_resolutions,canonical_3596e790d333818dca08eaea,69ee1346e401d3b243d38de5329b737aa13f128259c7d8c64fb0e24a8fb6e2e9,,C:\Users\hp\Desktop\ESG\ESGCorpusTaxonomy\schneider-electric\2024\16_agm_minutes_resolutions\canonical-3596e790d333818dca08eaea\document.pdf,redundant_same_doc_type,higher_ranked_document_selected_for_same_official_doc_type
Schneider Electric,schneider-electric,2024,17_cdp_response,canonical_db3cccf9254818b900f045ba,0f019457e993d0a078f19b99aa7088198008eeecab7c079df58c48852e70ef37,,C:\Users\hp\Desktop\ESG\ESGCorpusTaxonomy\schneider-electric\2024\17_cdp_response\canonical-db3cccf9254818b900f045ba\document.pdf,likely_wrong_company,alternative_exists_for_same_official_doc_type
Schneider Electric,schneider-electric,2024,17_cdp_response,canonical_50b81b0ad7baf3126bbd55ca,61ebbaaea8b3ab6a9027772f1fb4bddd44b515d896f4e886e6d89a2d5f144fbc,,C:\Users\hp\Desktop\ESG\ESGCorpusTaxonomy\schneider-electric\2024\17_cdp_response\canonical-50b81b0ad7baf3126bbd55ca\document.pdf,redundant_same_doc_type,higher_ranked_document_selected_for_same_official_doc_type
Schneider Electric,schneider-electric,2024,18_sbti_validation,canonical_bdab1fa9b1d1a4e781178973,af3e861ccd5b9bce07cc6e078a5d820c898fbf5cc680c6700edd1f0117245785,,C:\Users\hp\Desktop\ESG\ESGCorpusTaxonomy\schneider-electric\2024\18_sbti_validation\canonical-bdab1fa9b1d1a4e781178973\document.pdf,redundant_same_doc_type,higher_ranked_document_selected_for_same_official_doc_type
Schneider Electric,schneider-electric,2024,18_sbti_validation,canonical_96b31abac292503094850e44,3edeea9fa73aebeca0a5ebad5016bc7935c4bb6ddcdf3153906e89a27ed2d92f,,C:\Users\hp\Desktop\ESG\ESGCorpusTaxonomy\schneider-electric\2024\18_sbti_validation\canonical-96b31abac292503094850e44\document.pdf,redundant_same_doc_type,higher_ranked_document_selected_for_same_official_doc_type
Schneider Electric,schneider-electric,2024,18_sbti_validation,canonical_f9c1287e886ad69faa6e9533,4020c6f831bf1ea8f07305115a1554044684bfa027ed2521e1a5a6e59c9bbb4e,,C:\Users\hp\Desktop\ESG\ESGCorpusTaxonomy\schneider-electric\2024\18_sbti_validation\canonical-f9c1287e886ad69faa6e9533\document.pdf,redundant_same_doc_type,higher_ranked_document_selected_for_same_official_doc_type
Schneider Electric,schneider-electric,2024,19_third_party_assurance_report,canonical_57760ae1d7a83787976185e7,2275703136143c027bb67f92a02d879a93d2d762ff4715afbee458f4598960d1,,C:\Users\hp\Desktop\ESG\ESGCorpusTaxonomy\schneider-electric\2024\19_third_party_assurance_report\canonical-57760ae1d7a83787976185e7\document.pdf,likely_wrong_company,alternative_exists_for_same_official_doc_type
Schneider Electric,schneider-electric,2024,,canonical_08034bdb6fc4445b920d6323,5c7265d598ec27abd353fa355dd6830b346c4f564701fea6db373b661af4f349,,C:\Users\hp\Desktop\ESG\ESGCorpus\schneider-electric\2024\governance-report\canonical-08034bdb6fc4445b920d6323\document.pdf,needs_review,official_doc_type_missing_or_needs_review
Schneider Electric,schneider-electric,2024,,canonical_5010d02ef53aa410e8fa8c67,95c772f353ef7609a471e313491e3039c6c161362ba03929944c4ed65dffa5f7,,C:\Users\hp\Desktop\ESG\ESGCorpus\schneider-electric\2024\corporate-policy\canonical-5010d02ef53aa410e8fa8c67\document.pdf,needs_review,official_doc_type_missing_or_needs_review
Schneider Electric,schneider-electric,2024,,canonical_37b483c6769d67a255e98451,9fff4f49b1c77aeaac3521438ad34bd802764e3877ec4fd7b3c5a887948ddde0,,C:\Users\hp\Desktop\ESG\ESGCorpus\schneider-electric\2024\remuneration-report\canonical-37b483c6769d67a255e98451\document.pdf,needs_review,official_doc_type_missing_or_needs_review
Schneider Electric,schneider-electric,2024,,canonical_4c533a37fc0250f0d96994d0,a05e0402777fc4dd5bffb0e5365b6161529d8430065adf3736905fda473d3a02,,C:\Users\hp\Desktop\ESG\ESGCorpus\schneider-electric\2024\remuneration-report\canonical-4c533a37fc0250f0d96994d0\document.pdf,needs_review,official_doc_type_missing_or_needs_review
Schneider Electric,schneider-electric,2024,,canonical_00d3275eb3c44ed97bf18452,aa93340c64910d9ae4bbd1f8936f3cda1d0f7f509b7e09420bbe199ee32dbd11,,C:\Users\hp\Desktop\ESG\ESGCorpus\schneider-electric\2024\remuneration-report\canonical-00d3275eb3c44ed97bf18452\document.pdf,needs_review,official_doc_type_missing_or_needs_review
TotalEnergies,totalenergies,2024,02_sustainability_statement_csrd_esrs,canonical_a35e2f4d644cfc645bb93fd4,57ee931c4210d131c0a1eef6b5fdab51b5fa275de97e57a1076ad13d4dd00568,,C:\Users\hp\Desktop\ESG\ESGCorpusTaxonomy\totalenergies\2024\02_sustainability_statement_csrd_esrs\canonical-a35e2f4d644cfc645bb93fd4\document.pdf,likely_wrong_company,alternative_exists_for_same_official_doc_type
TotalEnergies,totalenergies,2024,02_sustainability_statement_csrd_esrs,canonical_40c6b3e8f1276da8077bcb2d,5ad08504406eed6ffeda55ce5574b2aebfd97efe3c9e46c44a9849e0f4bdd7f9,,C:\Users\hp\Desktop\ESG\ESGCorpusTaxonomy\totalenergies\2024\02_sustainability_statement_csrd_esrs\canonical-40c6b3e8f1276da8077bcb2d\document.pdf,likely_wrong_company,alternative_exists_for_same_official_doc_type
TotalEnergies,totalenergies,2024,02_sustainability_statement_csrd_esrs,canonical_41b7d5b216c0b0d9640acbfa,e8b59765b98e5718fc69587889f2d99317eba4b0d1bc98c728771bbc2a82dab6,,C:\Users\hp\Desktop\ESG\ESGCorpusTaxonomy\totalenergies\2024\02_sustainability_statement_csrd_esrs\canonical-41b7d5b216c0b0d9640acbfa\document.pdf,likely_wrong_company,alternative_exists_for_same_official_doc_type
TotalEnergies,totalenergies,2024,02_sustainability_statement_csrd_esrs,canonical_d6e27095ba8ea532fa60b4ce,c65ec5c295536fd09cb15ccf7c6172f35215556f5d9b9f74f802a602d22b238d,,C:\Users\hp\Desktop\ESG\ESGCorpusTaxonomy\totalenergies\2024\02_sustainability_statement_csrd_esrs\canonical-d6e27095ba8ea532fa60b4ce\document.pdf,redundant_same_doc_type,higher_ranked_document_selected_for_same_official_doc_type
TotalEnergies,totalenergies,2024,02_sustainability_statement_csrd_esrs,canonical_7162c5a620bd762e249cfda7,58d7b226058c62e948734cdba87bdc8d2d2481a6ecbc97065a41cdb0c0695ea7,,C:\Users\hp\Desktop\ESG\ESGCorpusTaxonomy\totalenergies\2024\02_sustainability_statement_csrd_esrs\canonical-7162c5a620bd762e249cfda7\document.pdf,redundant_same_doc_type,higher_ranked_document_selected_for_same_official_doc_type
TotalEnergies,totalenergies,2024,02_sustainability_statement_csrd_esrs,canonical_c6808b5a040b36e6150e6099,dba48e9f5e7e6fc9862dd95159960eb2a270d6975f2457f443ca422e7449e7d6,,C:\Users\hp\Desktop\ESG\ESGCorpusTaxonomy\totalenergies\2024\02_sustainability_statement_csrd_esrs\canonical-c6808b5a040b36e6150e6099\document.pdf,redundant_same_doc_type,higher_ranked_document_selected_for_same_official_doc_type
TotalEnergies,totalenergies,2024,02_sustainability_statement_csrd_esrs,canonical_92ffe80bca67f72d7c72dd55,9913025d1626b18764d4e6307cd90d3d0f09f3696aea23e70eedea1c46e0e12c,,C:\Users\hp\Desktop\ESG\ESGCorpusTaxonomy\totalenergies\2024\02_sustainability_statement_csrd_esrs\canonical-92ffe80bca67f72d7c72dd55\document.pdf,redundant_same_doc_type,higher_ranked_document_selected_for_same_official_doc_type
TotalEnergies,totalenergies,2024,02_sustainability_statement_csrd_esrs,canonical_4285a8440750db6bfb602205,e33e8b6b34a9ec1b8991abae34261532f8714119200b044d1d42ffe65372c94b,,C:\Users\hp\Desktop\ESG\ESGCorpusTaxonomy\totalenergies\2024\02_sustainability_statement_csrd_esrs\canonical-4285a8440750db6bfb602205\document.pdf,redundant_same_doc_type,higher_ranked_document_selected_for_same_official_doc_type
TotalEnergies,totalenergies,2024,02_sustainability_statement_csrd_esrs,canonical_efb8d5e87dd197f7a45ee975,65b02fcd781febf91dfc3c3ac4117cdeeb2c7af67ca847c366c2aebac9c390e3,,C:\Users\hp\Desktop\ESG\ESGCorpusTaxonomy\totalenergies\2024\02_sustainability_statement_csrd_esrs\canonical-efb8d5e87dd197f7a45ee975\document.pdf,redundant_same_doc_type,higher_ranked_document_selected_for_same_official_doc_type
TotalEnergies,totalenergies,2024,03_climate_report_tcfd_transition_plan,canonical_2b96daf2b151c5596c126cd3,994f96dcaffcf4f0405f594c9436b926215a5c4d246e9b90a98e8192ecf4e386,,C:\Users\hp\Desktop\ESG\ESGCorpusTaxonomy\totalenergies\2024\03_climate_report_tcfd_transition_plan\canonical-2b96daf2b151c5596c126cd3\document.pdf,redundant_same_doc_type,higher_ranked_document_selected_for_same_official_doc_type
TotalEnergies,totalenergies,2024,03_climate_report_tcfd_transition_plan,canonical_d8d05358db3067a02fdfc36a,ebfaf0f9bf64f274739b49c7e0ba3279e2a988ea507d45c68347b4956194fa01,,C:\Users\hp\Desktop\ESG\ESGCorpusTaxonomy\totalenergies\2024\03_climate_report_tcfd_transition_plan\canonical-d8d05358db3067a02fdfc36a\document.pdf,redundant_same_doc_type,higher_ranked_document_selected_for_same_official_doc_type
TotalEnergies,totalenergies,2024,03_climate_report_tcfd_transition_plan,canonical_148904e2bf67d05bd3d3d5d4,047837ccb89b3da4a94ced2d32fa126014ac9f75da2933a2a3412338b7902df4,,C:\Users\hp\Desktop\ESG\ESGCorpusTaxonomy\totalenergies\2024\03_climate_report_tcfd_transition_plan\canonical-148904e2bf67d05bd3d3d5d4\document.pdf,redundant_same_doc_type,higher_ranked_document_selected_for_same_official_doc_type
TotalEnergies,totalenergies,2024,05_half_year_financial_report,canonical_1fbae6247ada5f1935475870,8b498b7ab6bf4b9ae318c9e2979c57eee234c3ff2d22f76b088d7040eece03eb,,C:\Users\hp\Desktop\ESG\ESGCorpusTaxonomy\totalenergies\2024\05_half_year_financial_report\canonical-1fbae6247ada5f1935475870\document.pdf,redundant_same_doc_type,higher_ranked_document_selected_for_same_official_doc_type
TotalEnergies,totalenergies,2024,16_agm_minutes_resolutions,canonical_6bfe6781b3ba73cb2fb04bde,b291f285adaf492fe285daa98640e114b7d69f5e7906d791ab3cde740bfdd62b,,C:\Users\hp\Desktop\ESG\ESGCorpusTaxonomy\totalenergies\2024\16_agm_minutes_resolutions\canonical-6bfe6781b3ba73cb2fb04bde\document.pdf,redundant_same_doc_type,higher_ranked_document_selected_for_same_official_doc_type
TotalEnergies,totalenergies,2024,16_agm_minutes_resolutions,canonical_c3b9e1a41fbbf16284641448,9c4f179756dc155d9ab7e1829dc1ce1c08ee98d3d804f5aa2fe4fedec15a34d2,,C:\Users\hp\Desktop\ESG\ESGCorpusTaxonomy\totalenergies\2024\16_agm_minutes_resolutions\canonical-c3b9e1a41fbbf16284641448\document.pdf,redundant_same_doc_type,higher_ranked_document_selected_for_same_official_doc_type
TotalEnergies,totalenergies,2024,16_agm_minutes_resolutions,canonical_d06730cd94409d2cea9d5bde,71d2edc9820a66c2fa34610d0d06cb98e59d894cfcfd7b5027a35e645ef9e25b,,C:\Users\hp\Desktop\ESG\ESGCorpusTaxonomy\totalenergies\2024\16_agm_minutes_resolutions\canonical-d06730cd94409d2cea9d5bde\document.pdf,redundant_same_doc_type,higher_ranked_document_selected_for_same_official_doc_type
TotalEnergies,totalenergies,2024,16_agm_minutes_resolutions,canonical_0573f5d557a2fe1f7f5fafc0,d8135fcc2fb6614634c916dd5b419677d0a9bcc16d3b1142d65338f50c84ea2d,,C:\Users\hp\Desktop\ESG\ESGCorpusTaxonomy\totalenergies\2024\16_agm_minutes_resolutions\canonical-0573f5d557a2fe1f7f5fafc0\document.pdf,redundant_same_doc_type,higher_ranked_document_selected_for_same_official_doc_type
TotalEnergies,totalenergies,2024,16_agm_minutes_resolutions,canonical_f46d125fb74124f364c0dcf5,15b7ef28e9526712546179e458071ba2ad64287ad663031eecf1e8b41c76aef8,,C:\Users\hp\Desktop\ESG\ESGCorpusTaxonomy\totalenergies\2024\16_agm_minutes_resolutions\canonical-f46d125fb74124f364c0dcf5\document.pdf,redundant_same_doc_type,higher_ranked_document_selected_for_same_official_doc_type
TotalEnergies,totalenergies,2024,16_agm_minutes_resolutions,canonical_16698a832fd67253ca0e9962,9e9bfac84870b7da5e4c44c7c20219058ac4c8fe2c65f900ba2ce9047fd58d63,,C:\Users\hp\Desktop\ESG\ESGCorpusTaxonomy\totalenergies\2024\16_agm_minutes_resolutions\canonical-16698a832fd67253ca0e9962\document.pdf,redundant_same_doc_type,higher_ranked_document_selected_for_same_official_doc_type
TotalEnergies,totalenergies,2024,16_agm_minutes_resolutions,canonical_fddf5172bb29a95e1c39f0a4,6c78a4386e87c388104e63b88813e53f8c7cb3072cf8eb4c2b3e1485a30af804,,C:\Users\hp\Desktop\ESG\ESGCorpusTaxonomy\totalenergies\2024\16_agm_minutes_resolutions\canonical-fddf5172bb29a95e1c39f0a4\document.pdf,redundant_same_doc_type,higher_ranked_document_selected_for_same_official_doc_type
TotalEnergies,totalenergies,2024,16_agm_minutes_resolutions,canonical_d16485177bf6ab4924dee636,488f12e9408f4cfdf26894f3dee374dc993adc3bd9fd69e21a30b5bcb12c9136,,C:\Users\hp\Desktop\ESG\ESGCorpusTaxonomy\totalenergies\2024\16_agm_minutes_resolutions\canonical-d16485177bf6ab4924dee636\document.pdf,redundant_same_doc_type,higher_ranked_document_selected_for_same_official_doc_type
TotalEnergies,totalenergies,2024,16_agm_minutes_resolutions,canonical_b7698e394e13f9321acd26e1,6139aafb0a1b9991083922122b1bfe0d68c41e87722a2ac71b217538c836e701,,C:\Users\hp\Desktop\ESG\ESGCorpusTaxonomy\totalenergies\2024\16_agm_minutes_resolutions\canonical-b7698e394e13f9321acd26e1\document.pdf,redundant_same_doc_type,higher_ranked_document_selected_for_same_official_doc_type
TotalEnergies,totalenergies,2024,16_agm_minutes_resolutions,canonical_d5d65b43b03b27d2fbddac54,996a717a3ecfcd5f74da2ba6c9f9d521a310470deb842b615fae74acbbe1e4f5,,C:\Users\hp\Desktop\ESG\ESGCorpusTaxonomy\totalenergies\2024\16_agm_minutes_resolutions\canonical-d5d65b43b03b27d2fbddac54\document.pdf,redundant_same_doc_type,higher_ranked_document_selected_for_same_official_doc_type
TotalEnergies,totalenergies,2024,16_agm_minutes_resolutions,canonical_2090c0ddfd28e34681f51662,e6be49e90b30d6ec6c4f8afaf64d35f14e27bda7c9378e79e035273eb8debc5e,,C:\Users\hp\Desktop\ESG\ESGCorpusTaxonomy\totalenergies\2024\16_agm_minutes_resolutions\canonical-2090c0ddfd28e34681f51662\document.pdf,redundant_same_doc_type,higher_ranked_document_selected_for_same_official_doc_type
TotalEnergies,totalenergies,2024,16_agm_minutes_resolutions,canonical_b334d3579d4940c6bd0599a8,6ef0f382d3fb0942f134c15928bc56922de78f11e0100be340489c8b0aefcbc7,,C:\Users\hp\Desktop\ESG\ESGCorpusTaxonomy\totalenergies\2024\16_agm_minutes_resolutions\canonical-b334d3579d4940c6bd0599a8\document.pdf,redundant_same_doc_type,higher_ranked_document_selected_for_same_official_doc_type
TotalEnergies,totalenergies,2024,16_agm_minutes_resolutions,canonical_690789d6bf0ac35ab4dcd8b1,5520ec973540e165af87f33bcc18d65e669bed627f3c0e4c073db21a7df47630,,C:\Users\hp\Desktop\ESG\ESGCorpusTaxonomy\totalenergies\2024\16_agm_minutes_resolutions\canonical-690789d6bf0ac35ab4dcd8b1\document.pdf,redundant_same_doc_type,higher_ranked_document_selected_for_same_official_doc_type
TotalEnergies,totalenergies,2024,16_agm_minutes_resolutions,canonical_b8fba7197954a65f9876b0cd,4e056b1ef6453f7cf1ec1bd82df581b5bb08f5f550317ad668bc7d991267bfb8,,C:\Users\hp\Desktop\ESG\ESGCorpusTaxonomy\totalenergies\2024\16_agm_minutes_resolutions\canonical-b8fba7197954a65f9876b0cd\document.pdf,redundant_same_doc_type,higher_ranked_document_selected_for_same_official_doc_type
TotalEnergies,totalenergies,2024,17_cdp_response,canonical_be9dd4a2c5a768b9279dee97,da6c5af0973bab5292c131589bf5d74f0bc63b42b020c19524206144b371053a,,C:\Users\hp\Desktop\ESG\ESGCorpusTaxonomy\totalenergies\2024\17_cdp_response\canonical-be9dd4a2c5a768b9279dee97\document.pdf,redundant_same_doc_type,higher_ranked_document_selected_for_same_official_doc_type
TotalEnergies,totalenergies,2024,17_cdp_response,canonical_86cd6702a4c56825a3fee6ba,b8f92e18ee957ceb3c3a85221caabb334ba0351d64d2704db983cc8bfe563d26,,C:\Users\hp\Desktop\ESG\ESGCorpusTaxonomy\totalenergies\2024\17_cdp_response\canonical-86cd6702a4c56825a3fee6ba\document.pdf,redundant_same_doc_type,higher_ranked_document_selected_for_same_official_doc_type
TotalEnergies,totalenergies,2024,18_sbti_validation,canonical_cae0c26fd97ef6c31bc91318,b82f478e47be536cfb594ec0d2106f8c64554be91b9c8705ca390c6e88e9e599,,C:\Users\hp\Desktop\ESG\ESGCorpusTaxonomy\totalenergies\2024\18_sbti_validation\canonical-cae0c26fd97ef6c31bc91318\document.pdf,redundant_same_doc_type,higher_ranked_document_selected_for_same_official_doc_type
TotalEnergies,totalenergies,2024,19_third_party_assurance_report,canonical_2a360b724d0e3532da9de309,684918b2013757cf105b2d32c0887d064cfae61666489a3cd78eed0b057ade67,,C:\Users\hp\Desktop\ESG\ESGCorpusTaxonomy\totalenergies\2024\19_third_party_assurance_report\canonical-2a360b724d0e3532da9de309\document.pdf,likely_wrong_company,alternative_exists_for_same_official_doc_type
TotalEnergies,totalenergies,2024,19_third_party_assurance_report,canonical_4bd8297272a14a4f007b1fea,9f8eca45a6639e43271bd88b6f0c63a985a3560b785d8b5f4e4bc96b45f5505f,,C:\Users\hp\Desktop\ESG\ESGCorpusTaxonomy\totalenergies\2024\19_third_party_assurance_report\canonical-4bd8297272a14a4f007b1fea\document.pdf,likely_wrong_company,alternative_exists_for_same_official_doc_type
TotalEnergies,totalenergies,2024,19_third_party_assurance_report,canonical_171a1addeffde29603b04286,0159dd14ce81db2c7a0aeec6848a5ca2d2766ed858d8a7681641a8947d2f0331,,C:\Users\hp\Desktop\ESG\ESGCorpusTaxonomy\totalenergies\2024\19_third_party_assurance_report\canonical-171a1addeffde29603b04286\document.pdf,redundant_same_doc_type,higher_ranked_document_selected_for_same_official_doc_type
TotalEnergies,totalenergies,2024,,canonical_8400c4e5be67249604b786e1,2d8daae3c9f81be34bd568c751cc0e45269f45e214c9ad323681b4b1dbc6b295,,C:\Users\hp\Desktop\ESG\ESGCorpus\totalenergies\2024\remuneration-report\canonical-8400c4e5be67249604b786e1\document.pdf,needs_review,official_doc_type_missing_or_needs_review
TotalEnergies,totalenergies,2024,,canonical_2697d5cebb7a5e0188eef73d,3b45fbf52fd6e8a26f2a413172d8e0ad51058aa97413282e0bd9a362d2614472,,C:\Users\hp\Desktop\ESG\ESGCorpus\totalenergies\2024\corporate-policy\canonical-2697d5cebb7a5e0188eef73d\document.pdf,needs_review,official_doc_type_missing_or_needs_review
TotalEnergies,totalenergies,2024,,canonical_3f2b6761e62730b07dc96b18,7c248032a782cb90c847cfecbbfedf25c7965438e759dd08be103c78a2bab216,,C:\Users\hp\Desktop\ESG\ESGCorpus\totalenergies\2024\corporate-policy\canonical-3f2b6761e62730b07dc96b18\document.pdf,needs_review,official_doc_type_missing_or_needs_review
TotalEnergies,totalenergies,2024,,canonical_daeb83514bfcf245dbf0ef63,ad9a34d297c6b6449538ade2021c61d7e05d530779dc291fc5079cb9e790120d,,C:\Users\hp\Desktop\ESG\ESGCorpus\totalenergies\2024\remuneration-report\canonical-daeb83514bfcf245dbf0ef63\document.pdf,needs_review,official_doc_type_missing_or_needs_review
TotalEnergies,totalenergies,2024,,canonical_d6e27095ba8ea532fa60b4ce,c65ec5c295536fd09cb15ccf7c6172f35215556f5d9b9f74f802a602d22b238d,,C:\Users\hp\Desktop\ESG\ESGCorpus\totalenergies\2024\corporate-policy\canonical-d6e27095ba8ea532fa60b4ce\document.pdf,needs_review,official_doc_type_missing_or_needs_review
TotalEnergies,totalenergies,2024,,canonical_0573f5d557a2fe1f7f5fafc0,d8135fcc2fb6614634c916dd5b419677d0a9bcc16d3b1142d65338f50c84ea2d,,C:\Users\hp\Desktop\ESG\ESGCorpus\totalenergies\2024\remuneration-report\canonical-0573f5d557a2fe1f7f5fafc0\document.pdf,needs_review,official_doc_type_missing_or_needs_review
TotalEnergies,totalenergies,2024,,canonical_b6af7ac6b9e985ac4f46e825,fb384aeac5d75e35dd79f55f6bb09299a53bddb7536fa2d3ffee72e5df4a0a35,,C:\Users\hp\Desktop\ESG\ESGCorpus\totalenergies\2024\governance-report\canonical-b6af7ac6b9e985ac4f46e825\document.pdf,needs_review,official_doc_type_missing_or_needs_review
