company_name,company_slug,fiscal_year,official_doc_type,official_doc_type_label,selected_canonical_document_id,sha256,source_title,source_url,source_path,final_path,validation_status,selection_status,selection_reason,selection_score,page_count,detected_years,company_name_detected_in_text,validation_status_merged,audit_bucket,audit_priority,final_file_exists,probable_language,technical_validation_status,is_pdf_header_valid,file_size_mb,validation_notes
BNP Paribas,bnp-paribas,2024,01_urd_annual_report,URD / annual report,canonical_c770a46401e681516f05ed3e,9fc754d47162512181a6f7cef448ba76a78ece624fe335f6abfdcc12930e0a7b,,,C:\Users\hp\Desktop\ESG\ESGCorpusTaxonomy\bnp-paribas\2024\01_urd_annual_report\canonical-c770a46401e681516f05ed3e\document.pdf,C:\Users\hp\Desktop\ESG\ESGFinalCorpus\bnp-paribas\2024\01_urd_annual_report\document.pdf,needs_review,selected_needs_review,selected_best_available_candidate_needs_review,1263.6,43,[2024],True,needs_review,REVIEW_STANDARD,3,True,en,valid_pdf,True,6.2106,"[""Aucun mot-cle documentaire specifique detecte.""]"
LVMH,lvmh,2024,01_urd_annual_report,URD / annual report,canonical_0d43bf3de8cca5d3a1145322,4e67ffaaae7f880fd24e837c30f10c08b0a087ca1b4314dade86e7b5d32c12cb,,,C:\Users\hp\Desktop\ESG\ESGCorpusTaxonomy\lvmh\2024\01_urd_annual_report\canonical-0d43bf3de8cca5d3a1145322\document.pdf,C:\Users\hp\Desktop\ESG\ESGFinalCorpus\lvmh\2024\01_urd_annual_report\document.pdf,likely_valid,selected,best_ranked_likely_valid_document_for_official_doc_type,1751.8,484,"[1908, 1914, 1916, 1923, 1924, 1925, 1936, 1947, 1949, 1952, 1955, 1957, 1959, 1960, 1969, 1970, 1972, 1973, 1974, 1976, 1977, 1980, 1983, 1984, 1985, 1987, 1988, 1991, 1992, 1993, 1996, 1998, 1999, 2006, 2007, 2008, 2009, 2010, 2013, 2024, 2025]",True,needs_review,REVIEW_STANDARD,3,True,en,valid_pdf,True,7.7547,"[""Aucun mot-cle documentaire specifique detecte.""]"
LVMH,lvmh,2024,02_sustainability_statement_csrd_esrs,Sustainability statement / CSRD / ESRS,canonical_0d43bf3de8cca5d3a1145322,4e67ffaaae7f880fd24e837c30f10c08b0a087ca1b4314dade86e7b5d32c12cb,,,C:\Users\hp\Desktop\ESG\ESGCorpusTaxonomy\lvmh\2024\02_sustainability_statement_csrd_esrs\canonical-0d43bf3de8cca5d3a1145322\document.pdf,C:\Users\hp\Desktop\ESG\ESGFinalCorpus\lvmh\2024\02_sustainability_statement_csrd_esrs\document.pdf,likely_valid,selected,best_ranked_likely_valid_document_for_official_doc_type,1751.8,484,"[1908, 1914, 1916, 1923, 1924, 1925, 1936, 1947, 1949, 1952, 1955, 1957, 1959, 1960, 1969, 1970, 1972, 1973, 1974, 1976, 1977, 1980, 1983, 1984, 1985, 1987, 1988, 1991, 1992, 1993, 1996, 1998, 1999, 2006, 2007, 2008, 2009, 2010, 2013, 2024, 2025]",True,needs_review,REVIEW_STANDARD,3,True,en,valid_pdf,True,7.7547,"[""Aucun mot-cle documentaire specifique detecte.""]"
LVMH,lvmh,2024,03_climate_report_tcfd_transition_plan,Climate report / TCFD / transition plan,canonical_0d43bf3de8cca5d3a1145322,4e67ffaaae7f880fd24e837c30f10c08b0a087ca1b4314dade86e7b5d32c12cb,,,C:\Users\hp\Desktop\ESG\ESGCorpusTaxonomy\lvmh\2024\03_climate_report_tcfd_transition_plan\canonical-0d43bf3de8cca5d3a1145322\document.pdf,C:\Users\hp\Desktop\ESG\ESGFinalCorpus\lvmh\2024\03_climate_report_tcfd_transition_plan\document.pdf,needs_review,selected_needs_review,selected_best_available_candidate_needs_review,1351.8,484,"[1908, 1914, 1916, 1923, 1924, 1925, 1936, 1947, 1949, 1952, 1955, 1957, 1959, 1960, 1969, 1970, 1972, 1973, 1974, 1976, 1977, 1980, 1983, 1984, 1985, 1987, 1988, 1991, 1992, 1993, 1996, 1998, 1999, 2006, 2007, 2008, 2009, 2010, 2013, 2024, 2025]",True,needs_review,REVIEW_STANDARD,3,True,en,valid_pdf,True,7.7547,"[""Aucun mot-cle documentaire specifique detecte.""]"
LVMH,lvmh,2024,05_half_year_financial_report,Half-year financial report,canonical_49e7f8d175cda572e7dc23de,7daf607d73b9f286302d1cb67ea59beb9e31eb235cd20ad9003b7a6bc4c6b3d8,,,C:\Users\hp\Desktop\ESG\ESGCorpusTaxonomy\lvmh\2024\05_half_year_financial_report\canonical-49e7f8d175cda572e7dc23de\document.pdf,C:\Users\hp\Desktop\ESG\ESGFinalCorpus\lvmh\2024\05_half_year_financial_report\document.pdf,needs_review,selected_needs_review,selected_best_available_candidate_needs_review,1257.2,11,"[2023, 2024]",True,needs_review,REVIEW_STANDARD,3,True,unknown,valid_pdf,True,1.1251,"[""Aucun mot-cle documentaire specifique detecte.""]"
LVMH,lvmh,2024,17_cdp_response,CDP response,canonical_6433e2342f80e4ea22b33d6d,043619c4055d75c576e48cd8b5df9178cf7b0ce5b769899d2d48c33e5ff60567,,,C:\Users\hp\Desktop\ESG\ESGCorpusTaxonomy\lvmh\2024\17_cdp_response\canonical-6433e2342f80e4ea22b33d6d\document.pdf,C:\Users\hp\Desktop\ESG\ESGFinalCorpus\lvmh\2024\17_cdp_response\document.pdf,needs_review,selected_needs_review,selected_best_available_candidate_needs_review,1225.0,871,"[2010, 2015, 2023, 2024, 2025, 2030, 2039]",False,needs_review,REVIEW_HIGH_PRIORITY_COMPANY_NOT_DETECTED,2,True,en,valid_pdf,True,3.011,"[""Nom de l'entreprise non detecte dans l'echantillon.""]"
LVMH,lvmh,2024,18_sbti_validation,SBTi validation,canonical_ca8266ef2ec56361de270468,ada723f63fd95afc284ab42f21b59f3d6d7885e16aa360ee480bda221c8b6771,,,C:\Users\hp\Desktop\ESG\ESGCorpusTaxonomy\lvmh\2024\18_sbti_validation\canonical-ca8266ef2ec56361de270468\document.pdf,C:\Users\hp\Desktop\ESG\ESGFinalCorpus\lvmh\2024\18_sbti_validation\document.pdf,needs_review,selected_needs_review,selected_best_available_candidate_needs_review,1225.0,174,"[2020, 2022, 2024]",False,needs_review,REVIEW_HIGH_PRIORITY_COMPANY_NOT_DETECTED,2,True,unknown,valid_pdf,True,6.0846,"[""Nom de l'entreprise non detecte dans l'echantillon.""]"
Schneider Electric,schneider-electric,2024,02_sustainability_statement_csrd_esrs,Sustainability statement / CSRD / ESRS,canonical_9de29cb0ed2693a4ff8e134b,89d162c4a20b0b532fd6c15021ed8bf6cf65551b34fa5c5a0b757b0fa03ce25d,,,C:\Users\hp\Desktop\ESG\ESGCorpusTaxonomy\schneider-electric\2024\02_sustainability_statement_csrd_esrs\canonical-9de29cb0ed2693a4ff8e134b\document.pdf,C:\Users\hp\Desktop\ESG\ESGFinalCorpus\schneider-electric\2024\02_sustainability_statement_csrd_esrs\document.pdf,needs_review,selected_needs_review,selected_best_available_candidate_needs_review,1355.0,676,"[2017, 2024, 2025]",True,needs_review,REVIEW_STANDARD,3,True,fr,valid_pdf,True,13.9201,"[""Aucun mot-cle documentaire specifique detecte.""]"
Schneider Electric,schneider-electric,2024,05_half_year_financial_report,Half-year financial report,canonical_4348f033133985f7bca9ae0d,43e167d4fa066cf8d70c7face89ecb51059e2a0aee9da30674a12e2ae5676eb4,,,C:\Users\hp\Desktop\ESG\ESGCorpusTaxonomy\schneider-electric\2024\05_half_year_financial_report\canonical-4348f033133985f7bca9ae0d\document.pdf,C:\Users\hp\Desktop\ESG\ESGFinalCorpus\schneider-electric\2024\05_half_year_financial_report\document.pdf,needs_review,selected_needs_review,selected_best_available_candidate_needs_review,1245.4,102,"[2024, 2025]",False,needs_review,REVIEW_HIGH_PRIORITY_COMPANY_NOT_DETECTED,2,True,fr,valid_pdf,True,1.5298,"[""Nom de l'entreprise non detecte dans l'echantillon.""]"
Schneider Electric,schneider-electric,2024,08_anticorruption_policy,Anti-corruption policy,canonical_446893b809f2a09f53a8b273,97d562b899055eeaddecc8808af1469c384bb62d77bab918702fdaecc5d17cc3,,,C:\Users\hp\Desktop\ESG\ESGCorpusTaxonomy\schneider-electric\2024\08_anticorruption_policy\canonical-446893b809f2a09f53a8b273\document.pdf,C:\Users\hp\Desktop\ESG\ESGFinalCorpus\schneider-electric\2024\08_anticorruption_policy\document.pdf,needs_review,selected_needs_review,selected_best_available_candidate_needs_review,1200.0,20,[2023],False,needs_review,REVIEW_HIGH_PRIORITY_COMPANY_NOT_DETECTED,2,True,en,valid_pdf,True,0.2736,"[""Nom de l'entreprise non detecte dans l'echantillon.""]"
Schneider Electric,schneider-electric,2024,17_cdp_response,CDP response,canonical_8c256bbe5861948c1cbd19ff,816c7d20ecc27c264a489d5dc3fce8de799e4f1cf4c35415b6469e3f9aaf5106,,,C:\Users\hp\Desktop\ESG\ESGCorpusTaxonomy\schneider-electric\2024\17_cdp_response\canonical-8c256bbe5861948c1cbd19ff\document.pdf,C:\Users\hp\Desktop\ESG\ESGFinalCorpus\schneider-electric\2024\17_cdp_response\document.pdf,needs_review,selected_needs_review,selected_best_available_candidate_needs_review,1225.0,274,"[2023, 2024]",False,needs_review,REVIEW_HIGH_PRIORITY_COMPANY_NOT_DETECTED,2,True,en,valid_pdf,True,1.1906,"[""Nom de l'entreprise non detecte dans l'echantillon.""]"
Schneider Electric,schneider-electric,2024,18_sbti_validation,SBTi validation,canonical_c16c36795149ca765ccba0e8,6f802135ddac335a2bc0565b5afb5ed1e03953690fed909a21fcbe27cb66ea21,,,C:\Users\hp\Desktop\ESG\ESGCorpusTaxonomy\schneider-electric\2024\18_sbti_validation\canonical-c16c36795149ca765ccba0e8\document.pdf,C:\Users\hp\Desktop\ESG\ESGFinalCorpus\schneider-electric\2024\18_sbti_validation\document.pdf,needs_review,selected_needs_review,selected_best_available_candidate_needs_review,1225.0,7,"[2020, 2022, 2023, 2024, 2025, 2030, 2050]",False,needs_review,REVIEW_HIGH_PRIORITY_COMPANY_NOT_DETECTED,2,True,en,valid_pdf,True,0.6501,"[""Nom de l'entreprise non detecte dans l'echantillon.""]"
Schneider Electric,schneider-electric,2024,19_third_party_assurance_report,Third-party assurance report,canonical_b49d67d5650bdbec368e8308,1ded281f7ef3c4927bf462a3e30a71d245903ecb43072c406371d76d4bbbf2c6,,,C:\Users\hp\Desktop\ESG\ESGCorpusTaxonomy\schneider-electric\2024\19_third_party_assurance_report\canonical-b49d67d5650bdbec368e8308\document.pdf,C:\Users\hp\Desktop\ESG\ESGFinalCorpus\schneider-electric\2024\19_third_party_assurance_report\document.pdf,needs_review,selected_needs_review,selected_best_available_candidate_needs_review,1225.0,3,"[2015, 2020, 2023, 2024]",False,needs_review,REVIEW_HIGH_PRIORITY_COMPANY_NOT_DETECTED,2,True,en,valid_pdf,True,0.1783,"[""Nom de l'entreprise non detecte dans l'echantillon.""]"
TotalEnergies,totalenergies,2024,03_climate_report_tcfd_transition_plan,Climate report / TCFD / transition plan,canonical_efb8d5e87dd197f7a45ee975,65b02fcd781febf91dfc3c3ac4117cdeeb2c7af67ca847c366c2aebac9c390e3,,,C:\Users\hp\Desktop\ESG\ESGCorpusTaxonomy\totalenergies\2024\03_climate_report_tcfd_transition_plan\canonical-efb8d5e87dd197f7a45ee975\document.pdf,C:\Users\hp\Desktop\ESG\ESGFinalCorpus\totalenergies\2024\03_climate_report_tcfd_transition_plan\document.pdf,likely_valid,selected,best_ranked_likely_valid_document_for_official_doc_type,1677.4,112,"[2023, 2024, 2025, 2030, 2050]",True,needs_review,REVIEW_STANDARD,3,True,unknown,valid_pdf,True,10.0654,"[""Aucun mot-cle documentaire specifique detecte.""]"
TotalEnergies,totalenergies,2024,04_vigilance_plan,Vigilance plan,canonical_afa0257c1849f991949a3c94,c221f3684732fcb29102ce1830671fd49fe2e53fde24b3bbd976a7b54b10bea7,,,C:\Users\hp\Desktop\ESG\ESGCorpusTaxonomy\totalenergies\2024\04_vigilance_plan\canonical-afa0257c1849f991949a3c94\document.pdf,C:\Users\hp\Desktop\ESG\ESGFinalCorpus\totalenergies\2024\04_vigilance_plan\document.pdf,needs_review,selected_needs_review,selected_best_available_candidate_needs_review,1258.4,17,"[2024, 2025]",True,needs_review,REVIEW_STANDARD,3,True,en,valid_pdf,True,2.1385,"[""Aucun mot-cle documentaire specifique detecte.""]"
TotalEnergies,totalenergies,2024,07_code_ethique,Code ethique / code of conduct,canonical_33c1b7bdcd6a9569c9581e77,5a7eb9e6b9876af8f50eb012ed0bbefe75225ba021e3664311d35f077cd94fd3,,,C:\Users\hp\Desktop\ESG\ESGCorpusTaxonomy\totalenergies\2024\07_code_ethique\canonical-33c1b7bdcd6a9569c9581e77\document.pdf,C:\Users\hp\Desktop\ESG\ESGFinalCorpus\totalenergies\2024\07_code_ethique\document.pdf,needs_review,selected_needs_review,selected_best_available_candidate_needs_review,1230.0,23,[2022],True,needs_review,REVIEW_STANDARD,3,True,en,valid_pdf,True,34.9663,"[""Annees detectees eloignees de l'annee fiscale cible.""]"
TotalEnergies,totalenergies,2024,08_anticorruption_policy,Anti-corruption policy,canonical_4530a62fa5f85cf1ae6d0d1b,57d879543b9e0796d0641e08460dc76c80da93b1821f3eb8ec729dc3f68d7470,,,C:\Users\hp\Desktop\ESG\ESGCorpusTaxonomy\totalenergies\2024\08_anticorruption_policy\canonical-4530a62fa5f85cf1ae6d0d1b\document.pdf,C:\Users\hp\Desktop\ESG\ESGFinalCorpus\totalenergies\2024\08_anticorruption_policy\document.pdf,needs_review,selected_needs_review,selected_best_available_candidate_needs_review,1230.0,24,"[2010, 2015, 2017, 2020, 2021, 2022, 2023, 2025, 2030]",True,needs_review,REVIEW_STANDARD,3,True,en,valid_pdf,True,0.3813,"[""Aucun mot-cle documentaire specifique detecte.""]"
TotalEnergies,totalenergies,2024,13_investor_presentations,Investor presentations,canonical_7edf3073bafd23d66eac2682,c9eaa784b07391fe7b01bd8b40a4aa6cffaa9576db0394421fac2777aebaad6a,,,C:\Users\hp\Desktop\ESG\ESGCorpusTaxonomy\totalenergies\2024\13_investor_presentations\canonical-7edf3073bafd23d66eac2682\document.pdf,C:\Users\hp\Desktop\ESG\ESGFinalCorpus\totalenergies\2024\13_investor_presentations\document.pdf,needs_review,selected_needs_review,selected_best_available_candidate_needs_review,1255.0,7,"[2015, 2024, 2025, 2028, 2030, 2033, 2034]",True,needs_review,REVIEW_STANDARD,3,True,fr,valid_pdf,True,5.1848,"[""Aucun mot-cle documentaire specifique detecte.""]"
TotalEnergies,totalenergies,2024,18_sbti_validation,SBTi validation,canonical_d469097f681ffab7d02a2b7c,ad1e291ef60f417ed054d620ecf71ef1df20c388285b5b945e0eb4e6788da435,,,C:\Users\hp\Desktop\ESG\ESGCorpusTaxonomy\totalenergies\2024\18_sbti_validation\canonical-d469097f681ffab7d02a2b7c\document.pdf,C:\Users\hp\Desktop\ESG\ESGFinalCorpus\totalenergies\2024\18_sbti_validation\document.pdf,needs_review,selected_needs_review,selected_best_available_candidate_needs_review,1225.0,4,"[2024, 2040]",False,needs_review,REVIEW_HIGH_PRIORITY_COMPANY_NOT_DETECTED,2,True,en,valid_pdf,True,0.7934,"[""Nom de l'entreprise non detecte dans l'echantillon.""]"
